<?xml version="1.0"?>
<!--<!DOCTYPE metadata SYSTEM "http://www.esri.com/metadata/esriprof80.dtd">-->
<metadata xml:lang="en"><Esri><MetaID>{FBECE6E3-421F-49BC-8BEC-D851A23328F3}</MetaID><CreaDate>20110130</CreaDate><CreaTime>12441200</CreaTime><SyncOnce>TRUE</SyncOnce><DataProperties><lineage><Process ToolSource="C:\Program Files\ArcGIS\ArcToolbox\Toolboxes\Data Management Tools.tbx\RepairGeometry" Date="20110130" Time="124412">RepairGeometry 10m_urban_areas DELETE_NULL 10m_urban_areas</Process></lineage></DataProperties></Esri></metadata>
