<?xml version="1.0"?>
<!--<!DOCTYPE metadata SYSTEM "http://www.esri.com/metadata/esriprof80.dtd">-->
<metadata xml:lang="en"><Esri><CreaDate>20091130</CreaDate><CreaTime>05403400</CreaTime><SyncOnce>FALSE</SyncOnce><SyncDate>20091130</SyncDate><SyncTime>04421900</SyncTime><ModDate>20091130</ModDate><ModTime>04421900</ModTime><DataProperties><lineage><Process ToolSource="C:\Program Files\ArcGIS\ArcToolbox\Toolboxes\Data Management Tools.tbx\Merge" Date="20091130" Time="040809">Merge 'a10m_admin_1_attrib_1c selection';10m-admin-1-states-provinces-aux-attrib2 "C:\ProjectFiles\2009\BaseMaps\provinces\10m-admin-1-final_draft_data_fixup\New File Geodatabase.gdb\a10m_admin_1_attrib_1e" "OBJECTID_12_13_14 'OBJECTID_12_13_14' true true false 4 Long 0 0 ,First,#,a10m_admin_1_attrib_1c selection,OBJECTID_12_13_14,-1,-1;VertexCou 'VertexCou' true true false 8 Double 0 0 ,First,#,a10m_admin_1_attrib_1c selection,VertexCou,-1,-1,10m-admin-1-states-provinces-aux-attrib2,VertexCou,-1,-1;ISO 'ISO' true true false 3 Text 0 0 ,First,#,a10m_admin_1_attrib_1c selection,ISO,-1,-1,10m-admin-1-states-provinces-aux-attrib2,ISO,-1,-1;NAME_0 'NAME_0' true true false 75 Text 0 0 ,First,#,a10m_admin_1_attrib_1c selection,NAME_0,-1,-1,10m-admin-1-states-provinces-aux-attrib2,NAME_0,-1,-1;NAME_1 'NAME_1' true true false 75 Text 0 0 ,First,#,a10m_admin_1_attrib_1c selection,NAME_1,-1,-1,10m-admin-1-states-provinces-aux-attrib2,NAME_1,-1,-1;VARNAME_1 'VARNAME_1' true true false 150 Text 0 0 ,First,#,a10m_admin_1_attrib_1c selection,VARNAME_1,-1,-1,10m-admin-1-states-provinces-aux-attrib2,VARNAME_1,-1,-1;NL_NAME_1 'NL_NAME_1' true true false 50 Text 0 0 ,First,#,a10m_admin_1_attrib_1c selection,NL_NAME_1,-1,-1,10m-admin-1-states-provinces-aux-attrib2,NL_NAME_1,-1,-1;HASC_1 'HASC_1' true true false 15 Text 0 0 ,First,#,a10m_admin_1_attrib_1c selection,HASC_1,-1,-1,10m-admin-1-states-provinces-aux-attrib2,HASC_1,-1,-1;TYPE_1 'TYPE_1' true true false 50 Text 0 0 ,First,#,a10m_admin_1_attrib_1c selection,TYPE_1,-1,-1,10m-admin-1-states-provinces-aux-attrib2,TYPE_1,-1,-1;ENGTYPE_1 'ENGTYPE_1' true true false 50 Text 0 0 ,First,#,a10m_admin_1_attrib_1c selection,ENGTYPE_1,-1,-1,10m-admin-1-states-provinces-aux-attrib2,ENGTYPE_1,-1,-1;VALIDFR_1 'VALIDFR_1' true true false 25 Text 0 0 ,First,#,a10m_admin_1_attrib_1c selection,VALIDFR_1,-1,-1,10m-admin-1-states-provinces-aux-attrib2,VALIDFR_1,-1,-1;VALIDTO_1 'VALIDTO_1' true true false 25 Text 0 0 ,First,#,a10m_admin_1_attrib_1c selection,VALIDTO_1,-1,-1,10m-admin-1-states-provinces-aux-attrib2,VALIDTO_1,-1,-1;REMARKS_1 'REMARKS_1' true true false 125 Text 0 0 ,First,#,a10m_admin_1_attrib_1c selection,REMARKS_1,-1,-1,10m-admin-1-states-provinces-aux-attrib2,REMARKS_1,-1,-1;Region 'Region' true true false 100 Text 0 0 ,First,#,a10m_admin_1_attrib_1c selection,Region,-1,-1,10m-admin-1-states-provinces-aux-attrib2,Region,-1,-1;RegionVar 'RegionVar' true true false 254 Text 0 0 ,First,#,a10m_admin_1_attrib_1c selection,RegionVar,-1,-1,10m-admin-1-states-provinces-aux-attrib2,RegionVar,-1,-1;ProvNumberNEV 'ProvNumberNEV' true true false 2 Short 0 0 ,First,#,a10m_admin_1_attrib_1c selection,ProvNumberNEV,-1,-1;NEV_CountryName 'NEV_CountryName' true true false 100 Text 0 0 ,First,#,a10m_admin_1_attrib_1c selection,NEV_CountryName,-1,-1;FIRST_FIPS 'FIRST_FIPS' true true false 254 Text 0 0 ,First,#,a10m_admin_1_attrib_1c selection,FIRST_FIPS,-1,-1,10m-admin-1-states-provinces-aux-attrib2,FIRST_FIPS,-1,-1;FIRST_HASC 'FIRST_HASC' true true false 254 Text 0 0 ,First,#,a10m_admin_1_attrib_1c selection,FIRST_HASC,-1,-1,10m-admin-1-states-provinces-aux-attrib2,FIRST_HASC,-1,-1;FIPS_1 'FIPS_1' true true false 254 Text 0 0 ,First,#,a10m_admin_1_attrib_1c selection,FIPS_1,-1,-1,10m-admin-1-states-provinces-aux-attrib2,FIPS_1,-1,-1;gadm_level 'gadm_level' true true false 8 Double 0 0 ,First,#,a10m_admin_1_attrib_1c selection,gadm_level,-1,-1,10m-admin-1-states-provinces-aux-attrib2,gadm_level,-1,-1;Shape_Length 'Shape_Length' false true true 8 Double 0 0 ,First,#,a10m_admin_1_attrib_1c selection,Shape_Length,-1,-1;Shape_Area 'Shape_Area' false true true 8 Double 0 0 ,First,#,a10m_admin_1_attrib_1c selection,Shape_Area,-1,-1,10m-admin-1-states-provinces-aux-attrib2,Shape_Area,-1,-1;CheckMe 'CheckMe' true true false 2 Short 0 0 ,First,#,a10m_admin_1_attrib_1c selection,CheckMe,-1,-1,10m-admin-1-states-provinces-aux-attrib2,CheckMe,-1,-1;Region_Code 'Region_Code' true true false 50 Text 0 0 ,First,#,a10m_admin_1_attrib_1c selection,Region_Code,-1,-1;Region_Code_Alt 'Region_Code_Alt' true true false 50 Text 0 0 ,First,#,a10m_admin_1_attrib_1c selection,Region_Code_Alt,-1,-1;ScaleRank 'ScaleRank' true true false 2 Short 0 0 ,First,#,a10m_admin_1_attrib_1c selection,ScaleRank,-1,-1,10m-admin-1-states-provinces-aux-attrib2,ScaleRank,-1,-1;FID_1 'FID_1' true true false 9 Long 0 9 ,First,#,10m-admin-1-states-provinces-aux-attrib2,FID_1,-1,-1;Country_Pr 'Country_Pr' true true false 128 Text 0 0 ,First,#,10m-admin-1-states-provinces-aux-attrib2,Country_Pr,-1,-1;FID_2 'FID_2' true true false 9 Long 0 9 ,First,#,10m-admin-1-states-provinces-aux-attrib2,FID_2,-1,-1;OBJECTID_1 'OBJECTID_1' true true false 9 Long 0 9 ,First,#,10m-admin-1-states-provinces-aux-attrib2,OBJECTID_1,-1,-1;ProvNumber 'ProvNumber' true true false 4 Short 0 4 ,First,#,10m-admin-1-states-provinces-aux-attrib2,ProvNumber,-1,-1;NEV_Countr 'NEV_Countr' true true false 100 Text 0 0 ,First,#,10m-admin-1-states-provinces-aux-attrib2,NEV_Countr,-1,-1;Shape_Leng 'Shape_Leng' true true false 19 Double 0 0 ,First,#,10m-admin-1-states-provinces-aux-attrib2,Shape_Leng,-1,-1;Region_Cod 'Region_Cod' true true false 50 Text 0 0 ,First,#,10m-admin-1-states-provinces-aux-attrib2,Region_Cod,-1,-1;Region_C_1 'Region_C_1' true true false 50 Text 0 0 ,First,#,10m-admin-1-states-provinces-aux-attrib2,Region_C_1,-1,-1"</Process><Process ToolSource="C:\Program Files\ArcGIS\ArcToolbox\Toolboxes\Data Management Tools.tbx\Merge" Date="20091130" Time="044222">Merge a10m_admin_1_attrib_1e;swiss_add "C:\ProjectFiles\2009\BaseMaps\provinces\10m-admin-1-final_draft_data_fixup\New File Geodatabase.gdb\a10m_admin_1_attrib_1f" "VertexCou 'VertexCou' true true false 8 Double 0 0 ,First,#,a10m_admin_1_attrib_1e,VertexCou,-1,-1;ISO 'ISO' true true false 3 Text 0 0 ,First,#,a10m_admin_1_attrib_1e,ISO,-1,-1;NAME_0 'NAME_0' true true false 75 Text 0 0 ,First,#,a10m_admin_1_attrib_1e,NAME_0,-1,-1;NAME_1 'NAME_1' true true false 75 Text 0 0 ,First,#,a10m_admin_1_attrib_1e,NAME_1,-1,-1;VARNAME_1 'VARNAME_1' true true false 150 Text 0 0 ,First,#,a10m_admin_1_attrib_1e,VARNAME_1,-1,-1;NL_NAME_1 'NL_NAME_1' true true false 50 Text 0 0 ,First,#,a10m_admin_1_attrib_1e,NL_NAME_1,-1,-1;HASC_1 'HASC_1' true true false 15 Text 0 0 ,First,#,a10m_admin_1_attrib_1e,HASC_1,-1,-1;TYPE_1 'TYPE_1' true true false 50 Text 0 0 ,First,#,a10m_admin_1_attrib_1e,TYPE_1,-1,-1;ENGTYPE_1 'ENGTYPE_1' true true false 50 Text 0 0 ,First,#,a10m_admin_1_attrib_1e,ENGTYPE_1,-1,-1;VALIDFR_1 'VALIDFR_1' true true false 25 Text 0 0 ,First,#,a10m_admin_1_attrib_1e,VALIDFR_1,-1,-1;VALIDTO_1 'VALIDTO_1' true true false 25 Text 0 0 ,First,#,a10m_admin_1_attrib_1e,VALIDTO_1,-1,-1;REMARKS_1 'REMARKS_1' true true false 125 Text 0 0 ,First,#,a10m_admin_1_attrib_1e,REMARKS_1,-1,-1;Region 'Region' true true false 100 Text 0 0 ,First,#,a10m_admin_1_attrib_1e,Region,-1,-1;RegionVar 'RegionVar' true true false 254 Text 0 0 ,First,#,a10m_admin_1_attrib_1e,RegionVar,-1,-1;ProvNumberNEV 'ProvNumberNEV' true true false 2 Short 0 0 ,First,#,a10m_admin_1_attrib_1e,ProvNumberNEV,-1,-1;NEV_CountryName 'NEV_CountryName' true true false 100 Text 0 0 ,First,#,a10m_admin_1_attrib_1e,NEV_CountryName,-1,-1;FIRST_FIPS 'FIRST_FIPS' true true false 254 Text 0 0 ,First,#,a10m_admin_1_attrib_1e,FIRST_FIPS,-1,-1;FIRST_HASC 'FIRST_HASC' true true false 254 Text 0 0 ,First,#,a10m_admin_1_attrib_1e,FIRST_HASC,-1,-1;FIPS_1 'FIPS_1' true true false 254 Text 0 0 ,First,#,a10m_admin_1_attrib_1e,FIPS_1,-1,-1;gadm_level 'gadm_level' true true false 8 Double 0 0 ,First,#,a10m_admin_1_attrib_1e,gadm_level,-1,-1;CheckMe 'CheckMe' true true false 2 Short 0 0 ,First,#,a10m_admin_1_attrib_1e,CheckMe,-1,-1;Region_Code 'Region_Code' true true false 50 Text 0 0 ,First,#,a10m_admin_1_attrib_1e,Region_Code,-1,-1;Region_Code_Alt 'Region_Code_Alt' true true false 50 Text 0 0 ,First,#,a10m_admin_1_attrib_1e,Region_Code_Alt,-1,-1;ScaleRank 'ScaleRank' true true false 2 Short 0 0 ,First,#,a10m_admin_1_attrib_1e,ScaleRank,-1,-1;Region_Cod 'Region_Cod' true true false 50 Text 0 0 ,First,#,a10m_admin_1_attrib_1e,Region_Cod,-1,-1;Region_C_1 'Region_C_1' true true false 50 Text 0 0 ,First,#,a10m_admin_1_attrib_1e,Region_C_1,-1,-1;Shape_Length 'Shape_Length' false true true 8 Double 0 0 ,First,#,a10m_admin_1_attrib_1e,Shape_Length,-1,-1;Shape_Area 'Shape_Area' false true true 8 Double 0 0 ,First,#,a10m_admin_1_attrib_1e,Shape_Area,-1,-1;Country_Pr 'Country_Pr' true true false 128 Text 0 0 ,First,#,swiss_add,Country_Pr,-1,-1"</Process></lineage></DataProperties><MetaID>{B0AD3A14-3D3C-4700-BD5C-F307A846F3FB}</MetaID></Esri><idinfo><native Sync="TRUE">Microsoft Windows XP Version 5.1 (Build 2600) Service Pack 2; ESRI ArcCatalog 9.3.0.1770</native><descript><langdata Sync="TRUE">en</langdata><abstract>REQUIRED: A brief narrative summary of the data set.</abstract><purpose>REQUIRED: A summary of the intentions with which the data set was developed.</purpose></descript><citation><citeinfo><origin>REQUIRED: The name of an organization or individual that developed the data set.</origin><pubdate>REQUIRED: The date when the data set is published or otherwise made available for release.</pubdate><title Sync="TRUE">a10m_admin_1_attrib_1f</title><ftname Sync="TRUE">a10m_admin_1_attrib_1f</ftname><geoform Sync="TRUE">vector digital data</geoform><onlink Sync="TRUE"></onlink></citeinfo></citation><timeperd><current>REQUIRED: The basis on which the time period of content information is determined.</current><timeinfo><sngdate><caldate>REQUIRED: The year (and optionally month, or month and day) for which the data set corresponds to the ground.</caldate></sngdate></timeinfo></timeperd><status><progress>REQUIRED: The state of the data set.</progress><update>REQUIRED: The frequency with which changes and additions are made to the data set after the initial data set is completed.</update></status><spdom><bounding><westbc Sync="TRUE">REQUIRED: Western-most coordinate of the limit of coverage expressed in longitude.</westbc><eastbc Sync="TRUE">REQUIRED: Eastern-most coordinate of the limit of coverage expressed in longitude.</eastbc><northbc Sync="TRUE">REQUIRED: Northern-most coordinate of the limit of coverage expressed in latitude.</northbc><southbc Sync="TRUE">REQUIRED: Southern-most coordinate of the limit of coverage expressed in latitude.</southbc></bounding></spdom><keywords><theme><themekt>REQUIRED: Reference to a formally registered thesaurus or a similar authoritative source of theme keywords.</themekt><themekey>REQUIRED: Common-use word or phrase used to describe the subject of the data set.</themekey></theme></keywords><accconst>REQUIRED: Restrictions and legal prerequisites for accessing the data set.</accconst><useconst>REQUIRED: Restrictions and legal prerequisites for using the data set after access is granted.</useconst><natvform Sync="TRUE">File Geodatabase Feature Class</natvform></idinfo><dataIdInfo><envirDesc Sync="TRUE">Microsoft Windows XP Version 5.1 (Build 2600) Service Pack 2; ESRI ArcCatalog 9.3.0.1770</envirDesc><dataLang><languageCode Sync="TRUE" value="en"></languageCode></dataLang><idCitation><resTitle Sync="TRUE">a10m_admin_1_attrib_1f</resTitle></idCitation></dataIdInfo><metainfo><langmeta Sync="TRUE">en</langmeta><metstdn Sync="TRUE">FGDC Content Standards for Digital Geospatial Metadata</metstdn><metstdv Sync="TRUE">FGDC-STD-001-1998</metstdv><mettc Sync="TRUE">local time</mettc><metc><cntinfo><cntorgp><cntper>REQUIRED: The person responsible for the metadata information.</cntper><cntorg>REQUIRED: The organization responsible for the metadata information.</cntorg></cntorgp><cntaddr><addrtype>REQUIRED: The mailing and/or physical address for the organization or individual.</addrtype><city>REQUIRED: The city of the address.</city><state>REQUIRED: The state or province of the address.</state><postal>REQUIRED: The ZIP or other postal code of the address.</postal></cntaddr><cntvoice>REQUIRED: The telephone number by which individuals can speak to the organization or individual.</cntvoice></cntinfo></metc><metd Sync="TRUE">20091130</metd><metextns><onlink Sync="TRUE">http://www.esri.com/metadata/esriprof80.html</onlink><metprof Sync="TRUE">ESRI Metadata Profile</metprof></metextns></metainfo><mdLang><languageCode Sync="TRUE" value="en"></languageCode></mdLang><mdStanName Sync="TRUE">ISO 19115 Geographic Information - Metadata</mdStanName><mdStanVer Sync="TRUE">DIS_ESRI1.0</mdStanVer><mdChar><CharSetCd Sync="TRUE" value="004"></CharSetCd></mdChar><mdHrLv><ScopeCd Sync="TRUE" value="005"></ScopeCd></mdHrLv><mdHrLvName Sync="TRUE">dataset</mdHrLvName><distinfo><resdesc Sync="TRUE">Downloadable Data</resdesc></distinfo><distInfo><distributor><distorTran><onLineSrc><orDesc Sync="TRUE">002</orDesc><linkage Sync="TRUE">file://</linkage><protocol Sync="TRUE">Local Area Network</protocol></onLineSrc></distorTran><distorFormat><formatName Sync="TRUE">File Geodatabase Feature Class</formatName></distorFormat></distributor></distInfo><spdoinfo><direct Sync="TRUE">Vector</direct><ptvctinf><esriterm Name="a10m_admin_1_attrib_1f"><efeatyp Sync="TRUE">Simple</efeatyp><efeageom Sync="TRUE">Polygon</efeageom><esritopo Sync="TRUE">FALSE</esritopo><efeacnt Sync="TRUE">0</efeacnt><spindex Sync="TRUE">TRUE</spindex><linrefer Sync="TRUE">FALSE</linrefer></esriterm><sdtsterm Name="a10m_admin_1_attrib_1f"><sdtstype Sync="TRUE">G-polygon</sdtstype><ptvctcnt Sync="TRUE">0</ptvctcnt></sdtsterm></ptvctinf></spdoinfo><spref><horizsys><cordsysn><geogcsn Sync="TRUE">GCS_WGS_1984</geogcsn></cordsysn><geograph><geogunit Sync="TRUE">Decimal degrees</geogunit><latres Sync="TRUE">0.000000</latres><longres Sync="TRUE">0.000000</longres></geograph><geodetic><horizdn Sync="TRUE">D_WGS_1984</horizdn><ellips Sync="TRUE">WGS_1984</ellips><semiaxis Sync="TRUE">6378137.000000</semiaxis><denflat Sync="TRUE">298.257224</denflat></geodetic></horizsys></spref><refSysInfo><RefSystem><refSysID><identCode Sync="TRUE">GCS_WGS_1984</identCode></refSysID></RefSystem></refSysInfo><spatRepInfo><VectSpatRep><topLvl><TopoLevCd Sync="TRUE" value="001"></TopoLevCd></topLvl><geometObjs Name="a10m_admin_1_attrib_1f"><geoObjTyp><GeoObjTypCd Sync="TRUE" value="001"></GeoObjTypCd></geoObjTyp><geoObjCnt Sync="TRUE">0</geoObjCnt></geometObjs></VectSpatRep></spatRepInfo><eainfo><detailed Name="a10m_admin_1_attrib_1f"><enttyp><enttypl Sync="TRUE">a10m_admin_1_attrib_1f</enttypl><enttypt Sync="TRUE">Feature Class</enttypt><enttypc Sync="TRUE">0</enttypc></enttyp><attr><attrlabl Sync="TRUE">OBJECTID</attrlabl><attalias Sync="TRUE">OBJECTID</attalias><attrtype Sync="TRUE">OID</attrtype><attwidth Sync="TRUE">4</attwidth><atprecis Sync="TRUE">0</atprecis><attscale Sync="TRUE">0</attscale><attrdef Sync="TRUE">Internal feature number.</attrdef><attrdefs Sync="TRUE">ESRI</attrdefs><attrdomv><udom Sync="TRUE">Sequential unique whole numbers that are automatically generated.</udom></attrdomv></attr><attr><attrlabl Sync="TRUE">Shape</attrlabl><attalias Sync="TRUE">Shape</attalias><attrtype Sync="TRUE">Geometry</attrtype><attwidth Sync="TRUE">0</attwidth><atprecis Sync="TRUE">0</atprecis><attscale Sync="TRUE">0</attscale><attrdef Sync="TRUE">Feature geometry.</attrdef><attrdefs Sync="TRUE">ESRI</attrdefs><attrdomv><udom Sync="TRUE">Coordinates defining the features.</udom></attrdomv></attr><attr><attrlabl Sync="TRUE">VertexCou</attrlabl><attalias Sync="TRUE">VertexCou</attalias><attrtype Sync="TRUE">Double</attrtype><attwidth Sync="TRUE">8</attwidth><atprecis Sync="TRUE">0</atprecis><attscale Sync="TRUE">0</attscale></attr><attr><attrlabl Sync="TRUE">ISO</attrlabl><attalias Sync="TRUE">ISO</attalias><attrtype Sync="TRUE">String</attrtype><attwidth Sync="TRUE">3</attwidth><atprecis Sync="TRUE">0</atprecis><attscale Sync="TRUE">0</attscale></attr><attr><attrlabl Sync="TRUE">NAME_0</attrlabl><attalias Sync="TRUE">NAME_0</attalias><attrtype Sync="TRUE">String</attrtype><attwidth Sync="TRUE">75</attwidth><atprecis Sync="TRUE">0</atprecis><attscale Sync="TRUE">0</attscale></attr><attr><attrlabl Sync="TRUE">NAME_1</attrlabl><attalias Sync="TRUE">NAME_1</attalias><attrtype Sync="TRUE">String</attrtype><attwidth Sync="TRUE">75</attwidth><atprecis Sync="TRUE">0</atprecis><attscale Sync="TRUE">0</attscale></attr><attr><attrlabl Sync="TRUE">VARNAME_1</attrlabl><attalias Sync="TRUE">VARNAME_1</attalias><attrtype Sync="TRUE">String</attrtype><attwidth Sync="TRUE">150</attwidth><atprecis Sync="TRUE">0</atprecis><attscale Sync="TRUE">0</attscale></attr><attr><attrlabl Sync="TRUE">NL_NAME_1</attrlabl><attalias Sync="TRUE">NL_NAME_1</attalias><attrtype Sync="TRUE">String</attrtype><attwidth Sync="TRUE">50</attwidth><atprecis Sync="TRUE">0</atprecis><attscale Sync="TRUE">0</attscale></attr><attr><attrlabl Sync="TRUE">HASC_1</attrlabl><attalias Sync="TRUE">HASC_1</attalias><attrtype Sync="TRUE">String</attrtype><attwidth Sync="TRUE">15</attwidth><atprecis Sync="TRUE">0</atprecis><attscale Sync="TRUE">0</attscale></attr><attr><attrlabl Sync="TRUE">TYPE_1</attrlabl><attalias Sync="TRUE">TYPE_1</attalias><attrtype Sync="TRUE">String</attrtype><attwidth Sync="TRUE">50</attwidth><atprecis Sync="TRUE">0</atprecis><attscale Sync="TRUE">0</attscale></attr><attr><attrlabl Sync="TRUE">ENGTYPE_1</attrlabl><attalias Sync="TRUE">ENGTYPE_1</attalias><attrtype Sync="TRUE">String</attrtype><attwidth Sync="TRUE">50</attwidth><atprecis Sync="TRUE">0</atprecis><attscale Sync="TRUE">0</attscale></attr><attr><attrlabl Sync="TRUE">VALIDFR_1</attrlabl><attalias Sync="TRUE">VALIDFR_1</attalias><attrtype Sync="TRUE">String</attrtype><attwidth Sync="TRUE">25</attwidth><atprecis Sync="TRUE">0</atprecis><attscale Sync="TRUE">0</attscale></attr><attr><attrlabl Sync="TRUE">VALIDTO_1</attrlabl><attalias Sync="TRUE">VALIDTO_1</attalias><attrtype Sync="TRUE">String</attrtype><attwidth Sync="TRUE">25</attwidth><atprecis Sync="TRUE">0</atprecis><attscale Sync="TRUE">0</attscale></attr><attr><attrlabl Sync="TRUE">REMARKS_1</attrlabl><attalias Sync="TRUE">REMARKS_1</attalias><attrtype Sync="TRUE">String</attrtype><attwidth Sync="TRUE">125</attwidth><atprecis Sync="TRUE">0</atprecis><attscale Sync="TRUE">0</attscale></attr><attr><attrlabl Sync="TRUE">Region</attrlabl><attalias Sync="TRUE">Region</attalias><attrtype Sync="TRUE">String</attrtype><attwidth Sync="TRUE">100</attwidth><atprecis Sync="TRUE">0</atprecis><attscale Sync="TRUE">0</attscale></attr><attr><attrlabl Sync="TRUE">RegionVar</attrlabl><attalias Sync="TRUE">RegionVar</attalias><attrtype Sync="TRUE">String</attrtype><attwidth Sync="TRUE">254</attwidth><atprecis Sync="TRUE">0</atprecis><attscale Sync="TRUE">0</attscale></attr><attr><attrlabl Sync="TRUE">ProvNumberNEV</attrlabl><attalias Sync="TRUE">ProvNumberNEV</attalias><attrtype Sync="TRUE">SmallInteger</attrtype><attwidth Sync="TRUE">2</attwidth><atprecis Sync="TRUE">0</atprecis><attscale Sync="TRUE">0</attscale></attr><attr><attrlabl Sync="TRUE">NEV_CountryName</attrlabl><attalias Sync="TRUE">NEV_CountryName</attalias><attrtype Sync="TRUE">String</attrtype><attwidth Sync="TRUE">100</attwidth><atprecis Sync="TRUE">0</atprecis><attscale Sync="TRUE">0</attscale></attr><attr><attrlabl Sync="TRUE">FIRST_FIPS</attrlabl><attalias Sync="TRUE">FIRST_FIPS</attalias><attrtype Sync="TRUE">String</attrtype><attwidth Sync="TRUE">254</attwidth><atprecis Sync="TRUE">0</atprecis><attscale Sync="TRUE">0</attscale></attr><attr><attrlabl Sync="TRUE">FIRST_HASC</attrlabl><attalias Sync="TRUE">FIRST_HASC</attalias><attrtype Sync="TRUE">String</attrtype><attwidth Sync="TRUE">254</attwidth><atprecis Sync="TRUE">0</atprecis><attscale Sync="TRUE">0</attscale></attr><attr><attrlabl Sync="TRUE">FIPS_1</attrlabl><attalias Sync="TRUE">FIPS_1</attalias><attrtype Sync="TRUE">String</attrtype><attwidth Sync="TRUE">254</attwidth><atprecis Sync="TRUE">0</atprecis><attscale Sync="TRUE">0</attscale></attr><attr><attrlabl Sync="TRUE">gadm_level</attrlabl><attalias Sync="TRUE">gadm_level</attalias><attrtype Sync="TRUE">Double</attrtype><attwidth Sync="TRUE">8</attwidth><atprecis Sync="TRUE">0</atprecis><attscale Sync="TRUE">0</attscale></attr><attr><attrlabl Sync="TRUE">CheckMe</attrlabl><attalias Sync="TRUE">CheckMe</attalias><attrtype Sync="TRUE">SmallInteger</attrtype><attwidth Sync="TRUE">2</attwidth><atprecis Sync="TRUE">0</atprecis><attscale Sync="TRUE">0</attscale></attr><attr><attrlabl Sync="TRUE">Region_Code</attrlabl><attalias Sync="TRUE">Region_Code</attalias><attrtype Sync="TRUE">String</attrtype><attwidth Sync="TRUE">50</attwidth><atprecis Sync="TRUE">0</atprecis><attscale Sync="TRUE">0</attscale></attr><attr><attrlabl Sync="TRUE">Region_Code_Alt</attrlabl><attalias Sync="TRUE">Region_Code_Alt</attalias><attrtype Sync="TRUE">String</attrtype><attwidth Sync="TRUE">50</attwidth><atprecis Sync="TRUE">0</atprecis><attscale Sync="TRUE">0</attscale></attr><attr><attrlabl Sync="TRUE">ScaleRank</attrlabl><attalias Sync="TRUE">ScaleRank</attalias><attrtype Sync="TRUE">SmallInteger</attrtype><attwidth Sync="TRUE">2</attwidth><atprecis Sync="TRUE">0</atprecis><attscale Sync="TRUE">0</attscale></attr><attr><attrlabl Sync="TRUE">Country_Pr</attrlabl><attalias Sync="TRUE">Country_Pr</attalias><attrtype Sync="TRUE">String</attrtype><attwidth Sync="TRUE">128</attwidth><atprecis Sync="TRUE">0</atprecis><attscale Sync="TRUE">0</attscale></attr><attr><attrlabl Sync="TRUE">Region_Cod</attrlabl><attalias Sync="TRUE">Region_Cod</attalias><attrtype Sync="TRUE">String</attrtype><attwidth Sync="TRUE">50</attwidth><atprecis Sync="TRUE">0</atprecis><attscale Sync="TRUE">0</attscale></attr><attr><attrlabl Sync="TRUE">Region_C_1</attrlabl><attalias Sync="TRUE">Region_C_1</attalias><attrtype Sync="TRUE">String</attrtype><attwidth Sync="TRUE">50</attwidth><atprecis Sync="TRUE">0</atprecis><attscale Sync="TRUE">0</attscale></attr><attr><attrlabl Sync="TRUE">Shape_Length</attrlabl><attalias Sync="TRUE">Shape_Length</attalias><attrtype Sync="TRUE">Double</attrtype><attwidth Sync="TRUE">8</attwidth><atprecis Sync="TRUE">0</atprecis><attscale Sync="TRUE">0</attscale><attrdef Sync="TRUE">Length of feature in internal units.</attrdef><attrdefs Sync="TRUE">ESRI</attrdefs><attrdomv><udom Sync="TRUE">Positive real numbers that are automatically generated.</udom></attrdomv></attr><attr><attrlabl Sync="TRUE">Shape_Area</attrlabl><attalias Sync="TRUE">Shape_Area</attalias><attrtype Sync="TRUE">Double</attrtype><attwidth Sync="TRUE">8</attwidth><atprecis Sync="TRUE">0</atprecis><attscale Sync="TRUE">0</attscale><attrdef Sync="TRUE">Area of feature in internal units squared.</attrdef><attrdefs Sync="TRUE">ESRI</attrdefs><attrdomv><udom Sync="TRUE">Positive real numbers that are automatically generated.</udom></attrdomv></attr></detailed></eainfo><mdDateSt Sync="TRUE">20091130</mdDateSt><dataqual><lineage><procstep><procdesc Sync="TRUE">Dataset copied.</procdesc><srcused Sync="TRUE">\\5H070-9438\ProjectFiles\2009\BaseMaps\provinces\10m-admin-1-final_draft_data_fixup\New File Geodatabase.gdb</srcused><procdate Sync="TRUE">20091130</procdate><proctime Sync="TRUE">05403400</proctime></procstep></lineage></dataqual></metadata>
