<?xml version="1.0"?>
<!--<!DOCTYPE metadata SYSTEM "http://www.esri.com/metadata/esriprof80.dtd">-->
<metadata xml:lang="en"><Esri><MetaID>{16416965-3261-45EA-A6B5-E23FB134B647}</MetaID><CreaDate>20091123</CreaDate><CreaTime>00182700</CreaTime><SyncOnce>TRUE</SyncOnce></Esri><idinfo><citation><citeinfo><onlink Sync="TRUE">\\5H070-9438\ProjectFiles\2009\BaseMaps\2009_nov_22_admin_0_c\final\10m-admin-0-boundary-lines-claims</onlink></citeinfo></citation></idinfo><distInfo><distributor><distorTran><onLineSrc><linkage Sync="TRUE">file://\\5H070-9438\ProjectFiles\2009\BaseMaps\2009_nov_22_admin_0_c\final\10m-admin-0-boundary-lines-claims</linkage><protocol Sync="TRUE">Local Area Network</protocol></onLineSrc></distorTran></distributor></distInfo><dataqual><lineage><procstep><procdesc Sync="TRUE">Dataset moved.</procdesc><srcused Sync="TRUE">C:\ProjectFiles\2009\BaseMaps\2009_nov_22_admin_0_c\10m-admin-0-boundary-lines-claims</srcused><procdate Sync="TRUE">20091123</procdate><proctime Sync="TRUE">00182700</proctime></procstep></lineage></dataqual></metadata>
