<?xml version="1.0"?>
<!--<!DOCTYPE metadata SYSTEM "http://www.esri.com/metadata/esriprof80.dtd">-->
<metadata xml:lang="en"><Esri><CreaDate>20091123</CreaDate><CreaTime>00145300</CreaTime><SyncOnce>FALSE</SyncOnce><SyncDate>20091123</SyncDate><SyncTime>00270500</SyncTime><ModDate>20091123</ModDate><ModTime>00270500</ModTime><DataProperties><lineage><Process ToolSource="C:\Program Files\ArcGIS\ArcToolbox\Toolboxes\Conversion Tools.tbx\FeatureClassToFeatureClass" Date="20091122" Time="233012">FeatureClassToFeatureClass C:\ProjectFiles\2009\BaseMaps\2009_nov_22_admin_0_c\10m-admin-0-scale-ranks.shp C:\ProjectFiles\2009\BaseMaps\2009_nov_22_admin_0_c\admin_0.mdb scale_ranks # "ScaleRank 'ScaleRank' true true false 1 Short 0 1 ,First,#,C:\ProjectFiles\2009\BaseMaps\2009_nov_22_admin_0_c\10m-admin-0-scale-ranks.shp,ScaleRank,-1,-1;FeatureCla 'FeatureCla' true true false 32 Text 0 0 ,First,#,C:\ProjectFiles\2009\BaseMaps\2009_nov_22_admin_0_c\10m-admin-0-scale-ranks.shp,FeatureCla,-1,-1;Sov 'Sov' true true false 100 Text 0 0 ,First,#,C:\ProjectFiles\2009\BaseMaps\2009_nov_22_admin_0_c\10m-admin-0-scale-ranks.shp,Sov,-1,-1;Admin_0 'Admin_0' true true false 100 Text 0 0 ,First,#,C:\ProjectFiles\2009\BaseMaps\2009_nov_22_admin_0_c\10m-admin-0-scale-ranks.shp,Admin_0,-1,-1;MapUnit 'MapUnit' true true false 100 Text 0 0 ,First,#,C:\ProjectFiles\2009\BaseMaps\2009_nov_22_admin_0_c\10m-admin-0-scale-ranks.shp,MapUnit,-1,-1;SubUnit 'SubUnit' true true false 100 Text 0 0 ,First,#,C:\ProjectFiles\2009\BaseMaps\2009_nov_22_admin_0_c\10m-admin-0-scale-ranks.shp,SubUnit,-1,-1" # C:\ProjectFiles\2009\BaseMaps\2009_nov_22_admin_0_c\admin_0.mdb\scale_ranks</Process><Process ToolSource="C:\Program Files\ArcGIS\ArcToolbox\Toolboxes\Data Management Tools.tbx\RepairGeometry" Date="20091122" Time="234818">RepairGeometry scale_ranks DELETE_NULL scale_ranks</Process><Process ToolSource="C:\Program Files\ArcGIS\ArcToolbox\Toolboxes\Data Management Tools.tbx\Dissolve" Date="20091123" Time="000623">Dissolve "scale_ranks selection" C:\ProjectFiles\2009\BaseMaps\2009_nov_22_admin_0_c\admin_0.mdb\map_subunits3 SubUnit "ScaleRank MAX;FeatureCla FIRST;Sov FIRST;Admin_0 FIRST;MapUnit FIRST" MULTI_PART DISSOLVE_LINES</Process><Process ToolSource="C:\Program Files\ArcGIS\ArcToolbox\Toolboxes\Data Management Tools.tbx\Dissolve" Date="20091123" Time="001219">Dissolve map_subunits3 C:\ProjectFiles\2009\BaseMaps\2009_nov_22_admin_0_c\admin_0.mdb\map_units3 FIRST_MapUnit "FIRST_FeatureCla FIRST;FIRST_Sov FIRST;FIRST_Admin_0 FIRST" MULTI_PART DISSOLVE_LINES</Process><Process ToolSource="C:\Program Files\ArcGIS\ArcToolbox\Toolboxes\Data Management Tools.tbx\Dissolve" Date="20091123" Time="001334">Dissolve map_units3 C:\ProjectFiles\2009\BaseMaps\2009_nov_22_admin_0_c\admin_0.mdb\admin_0_3 FIRST_FIRST_Admin_0 "FIRST_FIRST_FeatureCla FIRST;FIRST_FIRST_Sov FIRST" MULTI_PART DISSOLVE_LINES</Process></lineage></DataProperties><MetaID>{34F26CB4-DA8F-4339-A15B-F7B6D8776139}</MetaID></Esri><idinfo><native Sync="TRUE">Microsoft Windows XP Version 5.1 (Build 2600) Service Pack 2; ESRI ArcCatalog 9.3.0.1770</native><descript><langdata Sync="TRUE">en</langdata><abstract>REQUIRED: A brief narrative summary of the data set.</abstract><purpose>REQUIRED: A summary of the intentions with which the data set was developed.</purpose></descript><citation><citeinfo><origin>REQUIRED: The name of an organization or individual that developed the data set.</origin><pubdate>REQUIRED: The date when the data set is published or otherwise made available for release.</pubdate><title Sync="TRUE">10m-admin-0-countries</title><ftname Sync="TRUE">10m-admin-0-countries</ftname><geoform Sync="TRUE">vector digital data</geoform><onlink Sync="TRUE">\\5H070-9438\ProjectFiles\2009\BaseMaps\2009_nov_22_admin_0_c\final\10m-admin-0-countries.shp</onlink></citeinfo></citation><timeperd><current>REQUIRED: The basis on which the time period of content information is determined.</current><timeinfo><sngdate><caldate>REQUIRED: The year (and optionally month, or month and day) for which the data set corresponds to the ground.</caldate></sngdate></timeinfo></timeperd><status><progress>REQUIRED: The state of the data set.</progress><update>REQUIRED: The frequency with which changes and additions are made to the data set after the initial data set is completed.</update></status><spdom><bounding><westbc Sync="TRUE">-179.999783</westbc><eastbc Sync="TRUE">180.000258</eastbc><northbc Sync="TRUE">83.633811</northbc><southbc Sync="TRUE">-89.999828</southbc></bounding><lboundng><leftbc Sync="TRUE">-179.999783</leftbc><rightbc Sync="TRUE">180.000258</rightbc><bottombc Sync="TRUE">-89.999828</bottombc><topbc Sync="TRUE">83.633811</topbc></lboundng></spdom><keywords><theme><themekt>REQUIRED: Reference to a formally registered thesaurus or a similar authoritative source of theme keywords.</themekt><themekey>REQUIRED: Common-use word or phrase used to describe the subject of the data set.</themekey></theme></keywords><accconst>REQUIRED: Restrictions and legal prerequisites for accessing the data set.</accconst><useconst>REQUIRED: Restrictions and legal prerequisites for using the data set after access is granted.</useconst><natvform Sync="TRUE">Shapefile</natvform></idinfo><dataIdInfo><envirDesc Sync="TRUE">Microsoft Windows XP Version 5.1 (Build 2600) Service Pack 2; ESRI ArcCatalog 9.3.0.1770</envirDesc><dataLang><languageCode Sync="TRUE" value="en"></languageCode></dataLang><idCitation><resTitle Sync="TRUE">10m-admin-0-countries</resTitle><presForm><PresFormCd Sync="TRUE" value="005"></PresFormCd></presForm></idCitation><spatRpType><SpatRepTypCd Sync="TRUE" value="001"></SpatRepTypCd></spatRpType><dataExt><geoEle><GeoBndBox esriExtentType="native"><westBL Sync="TRUE">-179.999783</westBL><eastBL Sync="TRUE">180.000258</eastBL><northBL Sync="TRUE">83.633811</northBL><southBL Sync="TRUE">-89.999828</southBL><exTypeCode Sync="TRUE">1</exTypeCode></GeoBndBox></geoEle></dataExt><geoBox esriExtentType="decdegrees"><westBL Sync="TRUE">-179.999783</westBL><eastBL Sync="TRUE">180</eastBL><northBL Sync="TRUE">83.633811</northBL><southBL Sync="TRUE">-89.999828</southBL><exTypeCode Sync="TRUE">1</exTypeCode></geoBox></dataIdInfo><metainfo><langmeta Sync="TRUE">en</langmeta><metstdn Sync="TRUE">FGDC Content Standards for Digital Geospatial Metadata</metstdn><metstdv Sync="TRUE">FGDC-STD-001-1998</metstdv><mettc Sync="TRUE">local time</mettc><metc><cntinfo><cntorgp><cntper>REQUIRED: The person responsible for the metadata information.</cntper><cntorg>REQUIRED: The organization responsible for the metadata information.</cntorg></cntorgp><cntaddr><addrtype>REQUIRED: The mailing and/or physical address for the organization or individual.</addrtype><city>REQUIRED: The city of the address.</city><state>REQUIRED: The state or province of the address.</state><postal>REQUIRED: The ZIP or other postal code of the address.</postal></cntaddr><cntvoice>REQUIRED: The telephone number by which individuals can speak to the organization or individual.</cntvoice></cntinfo></metc><metd Sync="TRUE">20091123</metd><metextns><onlink Sync="TRUE">http://www.esri.com/metadata/esriprof80.html</onlink><metprof Sync="TRUE">ESRI Metadata Profile</metprof></metextns></metainfo><mdLang><languageCode Sync="TRUE" value="en"></languageCode></mdLang><mdStanName Sync="TRUE">ISO 19115 Geographic Information - Metadata</mdStanName><mdStanVer Sync="TRUE">DIS_ESRI1.0</mdStanVer><mdChar><CharSetCd Sync="TRUE" value="004"></CharSetCd></mdChar><mdHrLv><ScopeCd Sync="TRUE" value="005"></ScopeCd></mdHrLv><mdHrLvName Sync="TRUE">dataset</mdHrLvName><distinfo><resdesc Sync="TRUE">Downloadable Data</resdesc><stdorder><digform><digtinfo><transize Sync="TRUE">8.161</transize><dssize Sync="TRUE">8.161</dssize></digtinfo></digform></stdorder></distinfo><distInfo><distributor><distorTran><onLineSrc><orDesc Sync="TRUE">002</orDesc><linkage Sync="TRUE">file://\\5H070-9438\ProjectFiles\2009\BaseMaps\2009_nov_22_admin_0_c\final\10m-admin-0-countries.shp</linkage><protocol Sync="TRUE">Local Area Network</protocol></onLineSrc><transSize Sync="TRUE">8.161</transSize></distorTran><distorFormat><formatName Sync="TRUE">Shapefile</formatName></distorFormat></distributor></distInfo><spdoinfo><direct Sync="TRUE">Vector</direct><ptvctinf><esriterm Name="10m-admin-0-countries"><efeatyp Sync="TRUE">Simple</efeatyp><efeageom Sync="TRUE">Polygon</efeageom><esritopo Sync="TRUE">FALSE</esritopo><efeacnt Sync="TRUE">251</efeacnt><spindex Sync="TRUE">TRUE</spindex><linrefer Sync="TRUE">FALSE</linrefer></esriterm><sdtsterm Name="10m-admin-0-countries"><sdtstype Sync="TRUE">G-polygon</sdtstype><ptvctcnt Sync="TRUE">251</ptvctcnt></sdtsterm></ptvctinf></spdoinfo><spref><horizsys><cordsysn><geogcsn Sync="TRUE">GCS_WGS_1984</geogcsn></cordsysn><geograph><geogunit Sync="TRUE">Decimal degrees</geogunit><latres Sync="TRUE">0.000000</latres><longres Sync="TRUE">0.000000</longres></geograph><geodetic><horizdn Sync="TRUE">D_WGS_1984</horizdn><ellips Sync="TRUE">WGS_1984</ellips><semiaxis Sync="TRUE">6378137.000000</semiaxis><denflat Sync="TRUE">298.257224</denflat></geodetic></horizsys></spref><refSysInfo><RefSystem><refSysID><identCode Sync="TRUE">GCS_WGS_1984</identCode></refSysID></RefSystem></refSysInfo><spatRepInfo><VectSpatRep><topLvl><TopoLevCd Sync="TRUE" value="001"></TopoLevCd></topLvl><geometObjs Name="10m-admin-0-countries"><geoObjTyp><GeoObjTypCd Sync="TRUE" value="001"></GeoObjTypCd></geoObjTyp><geoObjCnt Sync="TRUE">251</geoObjCnt></geometObjs></VectSpatRep></spatRepInfo><eainfo><detailed Name="10m-admin-0-countries"><enttyp><enttypl Sync="TRUE">10m-admin-0-countries</enttypl><enttypt Sync="TRUE">Feature Class</enttypt><enttypc Sync="TRUE">251</enttypc></enttyp><attr><attrlabl Sync="TRUE">FID</attrlabl><attalias Sync="TRUE">FID</attalias><attrtype Sync="TRUE">OID</attrtype><attwidth Sync="TRUE">4</attwidth><atprecis Sync="TRUE">0</atprecis><attscale Sync="TRUE">0</attscale><attrdef Sync="TRUE">Internal feature number.</attrdef><attrdefs Sync="TRUE">ESRI</attrdefs><attrdomv><udom Sync="TRUE">Sequential unique whole numbers that are automatically generated.</udom></attrdomv></attr><attr><attrlabl Sync="TRUE">OBJECTID</attrlabl><attalias Sync="TRUE">OBJECTID</attalias><attrtype Sync="TRUE">Number</attrtype><attwidth Sync="TRUE">9</attwidth><attrdef Sync="TRUE">Internal feature number.</attrdef><attrdefs Sync="TRUE">ESRI</attrdefs><attrdomv><udom Sync="TRUE">Sequential unique whole numbers that are automatically generated.</udom></attrdomv></attr><attr><attrlabl Sync="TRUE">Shape</attrlabl><attalias Sync="TRUE">Shape</attalias><attrtype Sync="TRUE">Geometry</attrtype><attwidth Sync="TRUE">0</attwidth><atprecis Sync="TRUE">0</atprecis><attscale Sync="TRUE">0</attscale><attrdef Sync="TRUE">Feature geometry.</attrdef><attrdefs Sync="TRUE">ESRI</attrdefs><attrdomv><udom Sync="TRUE">Coordinates defining the features.</udom></attrdomv></attr><attr><attrlabl Sync="TRUE">FIRST_FIRS</attrlabl><attalias Sync="TRUE">FIRST_FIRS</attalias><attrtype Sync="TRUE">String</attrtype><attwidth Sync="TRUE">100</attwidth></attr><attr><attrlabl Sync="TRUE">FIRST_FI_1</attrlabl><attalias Sync="TRUE">FIRST_FI_1</attalias><attrtype Sync="TRUE">String</attrtype><attwidth Sync="TRUE">32</attwidth></attr><attr><attrlabl Sync="TRUE">FIRST_FI_2</attrlabl><attalias Sync="TRUE">FIRST_FI_2</attalias><attrtype Sync="TRUE">String</attrtype><attwidth Sync="TRUE">100</attwidth></attr><attr><attrlabl Sync="TRUE">Shape_Leng</attrlabl><attalias Sync="TRUE">Shape_Leng</attalias><attrtype Sync="TRUE">Float</attrtype><attwidth Sync="TRUE">19</attwidth><atnumdec Sync="TRUE">11</atnumdec></attr><attr><attrlabl Sync="TRUE">Shape_Area</attrlabl><attalias Sync="TRUE">Shape_Area</attalias><attrtype Sync="TRUE">Float</attrtype><attwidth Sync="TRUE">19</attwidth><attrdef Sync="TRUE">Area of feature in internal units squared.</attrdef><attrdefs Sync="TRUE">ESRI</attrdefs><attrdomv><udom Sync="TRUE">Positive real numbers that are automatically generated.</udom></attrdomv><atnumdec Sync="TRUE">11</atnumdec></attr></detailed></eainfo><mdDateSt Sync="TRUE">20091123</mdDateSt><dataqual><lineage><procstep><procdesc Sync="TRUE">Dataset copied.</procdesc><srcused Sync="TRUE">\\5H070-9438\ProjectFiles\2009\BaseMaps\2009_nov_22_admin_0_c\admin_0.mdb</srcused><procdate Sync="TRUE">20091123</procdate><proctime Sync="TRUE">00145300</proctime></procstep></lineage></dataqual></metadata>
