<?xml version="1.0"?>
<!--<!DOCTYPE metadata SYSTEM "http://www.esri.com/metadata/esriprof80.dtd">-->
<metadata xml:lang="en"><Esri><CreaDate>20100208</CreaDate><CreaTime>00423000</CreaTime><SyncOnce>TRUE</SyncOnce><MetaID>{6BC17CA7-BB61-423C-95CE-1EC81B7449BD}</MetaID></Esri><idinfo><citation><citeinfo><onlink Sync="TRUE">\\MINI-PC\ProjectFiles\NaturalEarth\nev_version1_1\110m_cultural\finalDraft1d1\110m-admin-1-states-provinces-lines-shp</onlink></citeinfo></citation></idinfo><distInfo><distributor><distorTran><onLineSrc><linkage Sync="TRUE">file://\\MINI-PC\ProjectFiles\NaturalEarth\nev_version1_1\110m_cultural\finalDraft1d1\110m-admin-1-states-provinces-lines-shp</linkage><protocol Sync="TRUE">Local Area Network</protocol></onLineSrc></distorTran></distributor></distInfo><dataqual><lineage><procstep><procdesc Sync="TRUE">Dataset copied.</procdesc><srcused Sync="TRUE">C:\ProjectFiles\NaturalEarth\ne_v1\110m_cultural\110m-admin-1-states-provinces-lines-shp</srcused><procdate Sync="TRUE">20100208</procdate><proctime Sync="TRUE">00423000</proctime></procstep></lineage></dataqual></metadata>
