<?xml version="1.0"?>
<!--<!DOCTYPE metadata SYSTEM "http://www.esri.com/metadata/esriprof80.dtd">-->
<metadata xml:lang="en"><Esri><CreaDate>20100301</CreaDate><CreaTime>11591400</CreaTime><SyncOnce>TRUE</SyncOnce><MetaID>{86EE0F8E-37D4-4B88-B6D3-99DF8366B10C}</MetaID></Esri><idinfo><citation><citeinfo><onlink Sync="TRUE">\\DUO1720\C$\Documents and Settings\Miles\Desktop\nev_kelso\missing\WGS84_bounding_boxCopy</onlink></citeinfo></citation></idinfo><distInfo><distributor><distorTran><onLineSrc><linkage Sync="TRUE">file://\\DUO1720\C$\Documents and Settings\Miles\Desktop\nev_kelso\missing\WGS84_bounding_boxCopy</linkage><protocol Sync="TRUE">Local Area Network</protocol></onLineSrc></distorTran></distributor></distInfo><dataqual><lineage><procstep><procdesc Sync="TRUE">Dataset copied.</procdesc><srcused Sync="TRUE">C:\Documents and Settings\Miles\Desktop\nev_kelso\missing\WGS84_bounding_box</srcused><procdate Sync="TRUE">20100301</procdate><proctime Sync="TRUE">11591400</proctime></procstep></lineage></dataqual></metadata>
