"","X","Y","NE_ID","LONGITUDE","LATITUDE","geometry","lon_diff","lat_diff"
"524",-84.7758594,11.1893594,1159122125,-84.833297,11.199996,c(-84.7758594487559, 11.189359424868),2,2
"880",12.4533865,41.9032822,1159127243,12.447808,41.900012,c(12.4533865449718, 41.9032821799601),1,1
"1786",-125.8621245,49.0986157,1159132361,-125.903149,49.152071,c(-125.862124501637, 49.0986157484302),2,2
"1789",142.7697679,63.4214462,1159132375,0,0,c(142.769767873878, 63.4214461536879),2,2
"1832",-110.696815,35.0236103,1159132573,-110.700695,35.284705,c(-110.69681502231, 35.023610261154),1,2
"2678",50.0977245,26.4301376,1159136389,50.09967,26.428192,c(50.0977245096391, 26.4301376097117),1,1
"3170",-99.6719451,19.332328,1159138577,-99.669999,19.330382,c(-99.6719450873143, 19.3323279579906),1,1
"3662",104.7780561,29.4019459,1159140813,104.780002,29.4,c(104.778056134207, 29.4019458779526),1,1
"3672",115.4780749,38.8723756,1159140855,115.480021,38.87043,c(115.478074851697, 38.8723755654906),1,1
"3973",34.9780789,32.8223573,1159142281,34.980025,32.820411,c(34.9780789203858, 32.8223572549196),1,1
"4046",50.968059,35.8023046,1159142617,50.970005,35.800359,c(50.9680589822987, 35.8023045612465),1,1
"4092",79.4180537,28.3473332,1159142827,79.42,28.345387,c(79.418053692699, 28.34733324774),1,1
"4169",-61.7054837,16.0104101,1159143181,-61.439981,16.23039,c(-61.7054836989086, 16.0104101139158),2,2
"4366",-72.5929555,-48.4668778,1159144069,-72.559974,-48.467909,c(-72.5929555429878, -48.4668778491376),2,1
"4596",13.4411788,48.5754623,1159145097,13.466609,48.567047,c(13.4411787594079, 48.575462260634),2,1
"4793",126.7811097,37.5008348,1159146013,126.783056,37.498889,c(126.781109741387, 37.5008347586129),1,1
"4794",127.1358319,37.440557,1159146015,127.137778,37.438611,c(127.135831941387, 37.440556958613),1,1
"4795",126.8353027,37.6546817,1159146017,126.837249,37.652736,c(126.835302660943, 37.654681721336),1,1
"4810",12.4417702,43.9360958,1159146051,12.46667,43.91715,c(12.4417701578001, 43.936095834768),2,2
"4836",-90.5966425,-68.7556181,1159146109,90.499995,-68.832867,c(-90.5966425328108, -68.7556180727382),2,2
"4842",176.9944521,-89.9999998,1159146123,139.266993,-89.982894,c(176.994452094232, -89.9999998143873),2,2
"4860",-155.9837466,19.6523646,1159146163,-155.995556,19.640556,c(-155.983746567961, 19.6523646320393),2,2
"4900",-69.3019125,10.0519384,1159146253,-69.299967,10.049992,c(-69.3019125351094, 10.051938350206),1,1
"4901",-72.6819129,41.771966,1159146255,-72.679967,41.77002,c(-72.681912942024, 41.7719660196037),1,1
"4902",-71.4169256,41.8230482,1159146257,-71.41498,41.821102,c(-71.4169255559512, 41.8230481729244),1,1
"4911",-84.2019333,39.7523219,1159146277,-84.199987,39.750376,c(-84.2019332871221, 39.7523218545566),1,1
"4912",-75.9802646,36.8551602,1159146281,-75.978319,36.853214,c(-75.9802645859174, 36.8551601927613),1,1
"4927",35.1748628,47.859243,1159146313,35.176809,47.857297,c(35.1748627745534, 47.8592430378574),1,1
"4951",-1.6019363,55.0023212,1159146367,-1.59999,55.000375,c(-1.60193633854959, 55.0023212442661),1,1
"4952",-2.9199437,53.4179477,1159146371,-2.917998,53.416002,c(-2.91994374415384, 53.4179476684135),1,1
"4957",127.0089472,37.259735,1159146381,127.010893,37.257789,c(127.008947247577, 37.2597349811742),1,1
"4959",-1.5819634,53.8319534,1159146385,-1.580018,53.830008,c(-1.58196339746871, 53.8319534057199),1,1
"4978",-8.6219471,41.1519522,1159146429,-8.620001,41.150006,c(-8.62194712145526, 41.151952184966),1,1
"4981",4.4780285,51.921915,1159146435,4.479974,51.919969,c(4.47802846453459, 51.9219149535638),1,1
"4993",73.1080513,31.4119266,1159146463,73.109997,31.409981,c(73.1080512512676, 31.4119265501612),1,1
"4994",73.0380814,33.6019221,1159146465,73.040027,33.599976,c(73.0380813619443, 33.6019220742585),1,1
"5000",103.7280944,1.4819705,1159146479,103.73004,1.480025,c(103.7280943829, 1.48197049535395),1,1
"5001",101.5480724,3.0223158,1159146481,101.550018,3.02037,c(101.548072410235, 3.02231575089399),1,1
"5002",28.3279939,-26.147635,1159146483,28.32994,-26.149581,c(28.3279938780415, -26.1476350141965),1,1
"5003",27.9580423,-26.6476562,1159146485,27.959988,-26.649602,c(27.958042299264, -26.6476561730527),1,1
"5053",129.315008,35.5486766,1159146597,129.316954,35.546731,c(129.315008038602, 35.548676631558),1,1
"5054",128.6050255,35.8687346,1159146599,128.606971,35.866789,c(128.605025535344, 35.8687346149578),1,1
"5137",-101.0069282,25.4219046,1159146787,-101.004982,25.419959,c(-101.006928200926, 25.421904577481),1,1
"5138",-106.4919939,31.6923229,1159146789,-106.490048,31.690377,c(-106.491993915467, 31.6923228717769),1,1
"5143",-102.2923593,21.8814058,1159146799,-102.290413,21.87946,c(-102.292359327574, 21.8814057826888),1,1
"5148",-100.3819276,20.6319644,1159146811,-100.379982,20.630019,c(-100.381927590572, 20.6319643919151),1,1
"5154",125.450488,38.7688666,1159146825,125.452434,38.766921,c(125.45048798615, 38.7688666404212),1,1
"5157",127.5434883,39.912002,1159146831,127.545434,39.910056,c(127.543488263204, 39.9120020303385),1,1
"5176",7.6680146,45.072333,1159146875,7.66996,45.070387,c(7.66801462991208, 45.0723330443565),1,1
"5178",109.2480675,24.2819483,1159146879,109.250013,24.280002,c(109.248067527454, 24.2819483193384),1,1
"5179",104.8880753,25.092364,1159146881,104.890021,25.090418,c(104.888075258556, 25.0923639687558),1,1
"5180",105.9280635,26.2523448,1159146883,105.930009,26.250399,c(105.92806345843, 26.2523448444115),1,1
"5181",106.9180805,27.7019721,1159146885,106.920026,27.700026,c(106.918080548278, 27.7019721230631),1,1
"5183",116.7480749,33.9523141,1159146889,116.750021,33.950368,c(116.748074851702, 33.9523141234137),1,1
"5184",118.3680277,31.3523695,1159146893,118.369974,31.350424,c(118.368027651188, 31.3523694619449),1,1
"5185",116.4780655,31.7522934,1159146895,116.480011,31.750348,c(116.478065492978, 31.7522933714519),1,1
"5186",117.3280911,32.9519359,1159146897,117.330037,32.94999,c(117.328091127747, 32.9519359088914),1,1
"5188",113.1180639,23.0319988,1159146901,113.12001,23.030053,c(113.11806386536, 23.0319987750627),1,1
"5195",-73.1278289,7.1320391,1159146917,-73.125883,7.130093,c(-73.1278288762705, 7.13203905820228),1,1
"5226",111.5180582,36.0822875,1159146987,111.520004,36.080342,c(111.518058168739, 36.082287471404),1,1
"5227",112.7280618,37.6823448,1159146989,112.730008,37.680399,c(112.728061830853, 37.6823448444573),1,1
"5228",113.2980529,40.0819658,1159146991,113.299999,40.08002,c(113.298052879032, 40.0819658161465),1,1
"5229",113.1580614,30.6519988,1159146993,113.160007,30.650053,c(113.158061423954, 30.6519987750931),1,1
"5230",111.2780728,30.7019182,1159146995,111.280019,30.699972,c(111.278072817175, 30.7019182086871),1,1
"5231",113.438096,30.3723518,1159146997,113.440042,30.370406,c(113.438096010543, 30.3723517617456),1,1
"5234",113.1480879,27.8319384,1159147005,113.150034,27.829992,c(113.148087872522, 27.8319383502771),1,1
"5235",111.6180521,26.2323202,1159147007,111.619998,26.230374,c(111.618052065224, 26.2323202268983),1,1
"5236",112.3280862,28.6023564,1159147009,112.330032,28.600411,c(112.328086244914, 28.6023564411006),1,1
"5237",111.6781001,29.0319426,1159147011,111.680046,29.029997,c(111.678100079547, 29.0319426227428),1,1
"5239",103.7314017,29.5690416,1159147015,103.733348,29.567096,c(103.731401674567, 29.5690416217686),1,1
"5243",105.3780712,28.8819259,1159147025,105.380017,28.87998,c(105.378071189548, 28.8819259397996),1,1
"5244",104.5680948,28.7719327,1159147027,104.570041,28.769987,c(104.568094789805, 28.7719326536665),1,1
"5245",103.7180692,27.3223312,1159147029,103.720015,27.320385,c(103.718069155036, 27.322331213231),1,1
"5249",119.6180805,39.9323109,1159147039,119.620026,39.930365,c(119.618080548329, 39.9323108682291),1,1
"5250",116.6780533,39.5223101,1159147041,116.679999,39.520364,c(116.678053285947, 39.5223100544255),1,1
"5251",114.9280309,40.8319459,1159147043,114.929977,40.83,c(114.928030906383, 40.8319458779985),1,1
"5252",118.1924311,39.626283,1159147045,118.194377,39.624337,c(118.19243113426, 39.6262830361969),1,1
"5253",114.3480663,36.0819257,1159147047,114.350012,36.07998,c(114.348066306771, 36.081925736378),1,1
"5254",113.2180578,35.2519506,1159147049,113.220004,35.250005,c(113.218057761845, 35.2519505573381),1,1
"5255",114.3480663,34.8519491,1159147051,114.350012,34.850003,c(114.348066306771, 34.8519491331828),1,1
"5256",115.6480903,34.4523611,1159147055,115.650036,34.450415,c(115.648090313938, 34.4523611204859),1,1
"5257",113.2980529,33.7323534,1159147057,113.299999,33.730408,c(113.298052879032, 33.7323533893632),1,1
"5258",114.0680317,32.1323219,1159147059,114.069978,32.130376,c(114.068031720182, 32.1323218545261),1,1
"5259",113.8680439,35.3223855,1159147061,113.86999,35.32044,c(113.868043927212, 35.3223855345518),1,1
"5260",112.4681294,34.6819337,1159147063,112.470075,34.679988,c(112.468129376425, 34.6819336709426),1,1
"5261",123.17807,41.2819443,1159147065,123.180016,41.279998,c(123.178069968916, 41.2819442503961),1,1
"5262",124.3916393,40.1455537,1159147067,124.393585,40.143608,c(124.391639304858, 40.1455536660817),1,1
"5263",122.2780732,40.6722915,1159147069,122.280019,40.670346,c(122.278073224121, 40.6722915404326),1,1
"5264",121.0980936,41.1223158,1159147073,121.100039,41.12037,c(121.098093569168, 41.1223157510464),1,1
"5265",121.6580594,42.0124165,1159147075,121.660005,42.010471,c(121.658059389483, 42.012416459058),1,1
"5266",123.748061,41.3323288,1159147077,123.750007,41.330383,c(123.748061017095, 41.3323287718806),1,1
"5267",123.8680537,41.8673349,1159147079,123.87,41.865389,c(123.868053692877, 41.8673348753983),1,1
"5268",116.5480871,35.4023548,1159147081,116.550033,35.400409,c(116.548087058733, 35.4023548135237),1,1
"5269",119.098164,36.7223518,1159147083,119.10011,36.720406,c(119.09816396304, 36.7223517617711),1,1
"5270",117.1181298,36.2019443,1159147085,117.120076,36.199998,c(117.118129783345, 36.2019442503759),1,1
"5271",115.4481025,35.2319259,1159147087,115.450048,35.22998,c(115.448102520968, 35.2319259398251),1,1
"5273",114.9280309,27.801966,1159147093,114.929977,27.80002,c(114.928030906383, 27.8019660195478),1,1
"5276",119.9680333,31.7819298,1159147099,119.969979,31.779984,c(119.968033347809, 31.7819298053712),1,1
"5277",119.4280663,32.2219288,1159147101,119.430012,32.219983,c(119.428066306791, 32.2219287881205),1,1
"5278",120.8230716,32.032328,1159147103,120.825017,32.030382,c(120.823071596511, 32.0323279580415),1,1
"5279",120.7480374,30.7723532,1159147105,120.749983,30.770407,c(120.748037416823, 30.7723531859009),1,1
"5280",120.0980513,30.8723212,1159147109,120.099997,30.870375,c(120.098051251456, 30.8723212441696),1,1
"5281",120.5681001,30.0023227,1159147111,120.570046,30.000377,c(120.568100079582, 30.0023226683199),1,1
"5297",128.8980309,47.7018883,1159147147,128.899977,47.699942,c(128.898030906439, 47.7018883015284),1,1
"5301",129.5880663,44.5769628,1159147155,129.590012,44.575017,c(129.588066306832, 44.5769627644066),1,1
"5306",139.602021,35.4306562,1159147167,139.580048,35.320026,c(139.60202098994, 35.4306561527089),2,2
"5320",73.12805,19.351965,1159147199,73.129996,19.350019,c(73.1280500305645, 19.3519650022615),1,1
"5330",7.2630781,43.7169636,1159147221,7.265024,43.715018,c(7.2630781064729, 43.7169635782053),1,1
"5331",1.4479809,43.6219048,1159147223,1.449927,43.619959,c(1.44798085710062, 43.6219047810043),1,1
"5333",3.0780622,50.651915,1159147227,3.080008,50.649969,c(3.07806223731552, 50.6519149535586),1,1
"5351",44.0066751,36.1809895,1159147267,44.008621,36.179044,c(44.0066751118283, 36.1809894570816),1,1
"5427",-85.7506501,38.2269628,1159147439,-85.748704,38.225017,c(-85.7506501246934, 38.2269627643814),1,1
"5429",-80.8319839,35.2069404,1159147443,-80.830038,35.204995,c(-80.8319839462883, 35.2069403848119),1,1
"5433",-82.9919555,39.9819202,1159147453,-82.99001,39.979974,c(-82.9919554632241, 39.9819202432293),1,1
"5444",-67.597753,10.2488256,1159147477,-67.595807,10.24688,c(-67.5977529892041, 10.248825557238),1,1
"5450",42.951029,14.7998914,1159147491,42.952975,14.797946,c(42.9510289529698, 14.7998914345349),1,1
"5503",-48.8418952,-26.3180122,1159147609,-48.839949,-26.319958,c(-48.8418952417334, -26.3180122114629),1,1
"5508",-40.3679422,-20.3220474,1159147621,-40.365996,-20.323993,c(-40.3679421980796, -20.3220474490691),1,1
"5509",-34.878017,-7.0991893,1159147623,-34.876071,-7.101135,c(-34.8780170250502, -7.09918927092542),1,1
"5545",4.4130712,51.2223194,1159147705,4.415017,51.220374,c(4.41307118914386, 51.2223194131962),1,1
"5551",30.6980301,36.891928,1159147717,30.699976,36.889982,c(30.6980300922438, 36.8919279743367),1,1
"5609",37.3830484,37.0769296,1159147849,37.384994,37.074984,c(37.3830484028173, 37.0769296019417),1,1
"5619",36.7180761,34.7319048,1159147871,36.720022,34.729959,c(36.7180760720856, 34.7319047809689),1,1
"5771",4.54805,8.4919561,1159148213,4.549996,8.49001,c(4.5480500302902, 8.49195605039529),1,1
"5773",7.7080639,11.0819272,1159148217,7.71001,11.079981,c(7.7080638649382, 11.0819271604315),1,1
"5776",19.4494144,51.7769367,1159148225,19.45136,51.774991,c(19.4494143695425, 51.7769367227687),1,1
"5796",101.4230671,0.5669101,1159148269,101.425013,0.564964,c(101.423067120521, 0.566910070545646),1,1
"5820",118.7533319,30.9544459,1159148323,118.755278,30.9525,c(118.753331941387, 30.9544458586129),1,1
"5821",113.5658319,22.2788903,1159148325,113.567778,22.276944,c(113.565831941387, 22.2788902586129),1,1
"5844",106.7480651,-6.5680549,1159148377,106.750011,-6.570001,c(106.748065086038, -6.56805493599319),1,1
"5857",-71.2309424,18.8089489,1159148407,-71.228997,18.807003,c(-71.2309424294729, 18.808948916577),1,1
"5877",6.9480586,50.9319495,1159148451,6.950004,50.930004,c(6.94805857522164, 50.9319495401483),1,1
"5879",108.7127763,34.3475015,1159148455,108.714722,34.345556,c(108.712776341387, 34.3475014586131),1,1
"5880",112.1280985,32.021941,1159148459,112.130044,32.019995,c(112.128098451945, 32.0219409951507),1,1
"5881",105.5313874,30.5352792,1159148461,105.533333,30.533333,c(105.531387441387, 30.535279158613),1,1
"5882",119.3991652,41.2419459,1159148463,119.401111,41.24,c(119.399165241387, 41.241945858613),1,1
"5884",114.3980541,27.8352792,1159148467,114.4,27.833333,c(114.398054141387, 27.8352791586129),1,1
"5885",120.1233319,33.3875015,1159148469,120.125278,33.385556,c(120.123331941387, 33.3875014586131),1,1
"5886",119.9499985,30.0552792,1159148471,119.951944,30.053333,c(119.949998541387, 30.0552791586129),1,1
"5902",-1.6319603,6.6919367,1159148507,-1.630014,6.689991,c(-1.63196034571121, 6.69193672258848),1,1
"5953",35.8680504,34.4219495,1159148623,35.869996,34.420004,c(35.8680504373164, 34.4219495400821),1,1
"5975",50.9480602,34.6519613,1159148671,50.950006,34.650015,c(50.9480602030018, 34.6519613402132),1,1
"5979",47.0580651,34.381952,1159148681,47.060011,34.380006,c(47.0580650857987, 34.3819519814882),1,1
"5994",-68.7688265,-11.0205201,1159148715,-68.733309,-11.033346,c(-68.7688265040745, -11.0205200754107),2,2
"6110",-46.3348885,-23.9517781,1159148975,-46.332943,-23.953724,c(-46.3348885150959, -23.9517780748548),1,1
"6165",-159.7854367,-21.1962256,1159149099,-159.750001,-21.250035,c(-159.785436712348, -21.1962255889848),2,2
"6171",-117.3019801,34.1223296,1159149113,-117.300034,34.120384,c(-117.301980080874, 34.1223295856538),1,1
"6172",-73.201907,41.1819245,1159149115,-73.199961,41.179979,c(-73.2019070419611, 41.1819245156953),1,1
"6173",-77.6218956,43.1723715,1159149117,-77.61995,43.170426,c(-77.6218956487496, 43.1723714964974),1,1
"6174",-2.249933,53.5023611,1159149119,-2.247987,53.500415,c(-2.24993296127349, 53.5023611205623),1,1
"6175",74.1830761,32.1623717,1159149121,74.185022,32.160426,c(74.1830760722354, 32.1623716999038),1,1
"6176",126.6402876,37.4780937,1159149125,126.642233,37.476148,c(126.640287579607, 37.4780937458236),1,1
"6177",5.6180622,6.3424232,1159149127,5.620008,6.340477,c(5.61806223732572, 6.34242317278233),1,1
"6178",118.0780712,24.4519379,1159149129,118.080017,24.449992,c(118.078071189599, 24.4519379433626),1,1
"6179",106.1280513,30.7823784,1159149131,106.129997,30.780433,c(106.1280512514, 30.7823784137655),1,1
"6180",105.0480655,29.5823225,1159149133,105.050011,29.580377,c(105.048065492932, 29.5823224648676),1,1
"6181",112.528074,33.0023463,1159149135,112.53002,33.0004,c(112.528074037884, 33.0023462685923),1,1
"6182",120.8280325,40.7522867,1159149137,120.829978,40.750341,c(120.828032534011, 40.7522866576206),1,1
"6183",121.3980753,37.532354,1159149139,121.400021,37.530408,c(121.398075258622, 37.5323539997301),1,1
"6184",117.5680765,34.8819473,1159149143,117.570022,34.880001,c(117.56807647931, 34.8819473021284),1,1
"6185",120.6180712,31.3024242,1159149145,120.620017,31.300478,c(120.618071189609, 31.302424190135),1,1
"6186",117.1780744,34.2819581,1159149147,117.18002,34.280012,c(117.178074444803, 34.2819580850035),1,1
"6187",120.298039,31.581942,1159149149,120.299985,31.579996,c(120.298039044425, 31.5819420124014),1,1
"6188",126.5480968,43.8519166,1159149151,126.550043,43.849971,c(126.548096824398, 43.8519165811355),1,1
"6189",76.7780598,30.7219428,1159149153,76.780006,30.719997,c(76.7780597962042, 30.7219428262001),1,1
"6190",74.8447928,32.7137334,1159149155,74.846739,32.711788,c(74.8447927877328, 32.7137333942422),1,1
"6191",75.8980618,17.6723518,1159149157,75.900008,17.670406,c(75.8980618307057, 17.6723517616949),1,1
"6192",75.3183556,19.8976423,1159149161,75.320301,19.895696,c(75.3183556132556, 19.8976422890476),1,1
"6193",73.7780362,20.0023646,1159149163,73.779982,20.000419,c(73.7780361959317, 20.002364579087),1,1
"6195",75.5670743,31.3368665,1159149167,75.56902,31.334921,c(75.5670742818764, 31.3368665322572),1,1
"6196",81.838061,25.4569412,1159149169,81.840007,25.454995,c(81.8380610169274, 25.456941198575),1,1
"6197",78.7548384,28.8437371,1159149171,78.756784,28.841791,c(78.7548383606651, 28.8437370563359),1,1
"6198",77.4064452,28.6623269,1159149173,77.408391,28.660381,c(77.4064452128733, 28.6623269407753),1,1
"6199",78.0130749,27.1723662,1159149175,78.015021,27.17042,c(78.0130748515476, 27.1723662067198),1,1
"6200",78.059842,27.8941568,1159149179,78.061788,27.892211,c(78.0598420227718, 27.8941567747565),1,1
"6201",77.6980553,29.0023579,1159149181,77.700001,29.000412,c(77.6980553202964, 29.0023578652559),1,1
"6202",86.4180399,23.8023394,1159149183,86.419986,23.800393,c(86.4180398580916, 23.8023393512376),1,1
"6203",78.1781294,26.2319327,1159149185,78.180075,26.229987,c(78.1781293762879, 26.2319326536562),1,1
"6204",73.1780728,22.3119652,1159149187,73.180019,22.310019,c(73.178072817023, 22.311965205724),1,1
"6205",70.7980631,22.3119652,1159149189,70.800009,22.310019,c(70.7980630513885, 22.311965205724),1,1
"6219",-110.8919321,32.2069426,1159149221,-110.889986,32.204997,c(-110.891932066526, 32.2069426227557),1,1
"6230",-94.6060401,39.1090344,1159149245,-94.604094,39.107089,c(-94.6060400775458, 39.1090343683975),1,1
"6237",-97.7447242,30.2688955,1159149261,-97.742778,30.26695,c(-97.7447242214212, 30.2688955442974),1,1
"6239",-106.511941,31.7819298,1159149265,-106.509995,31.779984,c(-106.511941018331, 31.7819298053712),1,1
"6245",-81.3819762,28.5119227,1159149279,-81.38003,28.509977,c(-81.3819762151708, 28.5119226845899),1,1
"6246",-81.6719327,30.3319666,1159149281,-81.669987,30.330021,c(-81.6719326767605, 30.3319666299097),1,1
"6249",-86.1719939,39.7519343,1159149289,-86.170048,39.749988,c(-86.1719939153852, 39.7519342813145),1,1
"6252",-77.4519319,37.5519652,1159149295,-77.449986,37.550019,c(-77.4519318629416, 37.5519652057848),1,1
"6254",-76.6219308,39.3019359,1159149299,-76.619985,39.29999,c(-76.6219308456855, 39.3019359089167),1,1
"6262",44.0374743,13.6063984,1159149317,44.03942,13.604453,c(44.0374742654743, 13.606398392538),1,1
"6265",30.7080553,46.4919622,1159149325,30.710001,46.490016,c(30.7080553201083, 46.4919621540628),1,1
"6267",34.9980777,48.4819182,1159149329,35.000024,48.479972,c(34.9980776996828, 48.4819182087583),1,1
"6268",37.8280342,48.0019475,1159149331,37.82998,48.000002,c(37.8280341612826, 48.0019475056314),1,1
"6269",36.2480789,50.0019288,1159149333,36.250025,49.999983,c(36.248078920391, 50.0019287881913),1,1
"6276",106.6781469,20.8319522,1159149349,106.680093,20.830006,c(106.678146873147, 20.8319521848845),1,1
"6283",9.7080451,4.0623556,1159149365,9.709991,4.06041,c(9.7080451474983, 4.06235562720019),1,1
"6284",-1.9219426,52.4769198,1159149367,-1.919997,52.474974,c(-1.92194264551705, 52.4769198363784),1,1
"6286",27.1498482,38.4380955,1159149371,27.151794,38.43615,c(27.1498481518493, 38.4380955409497),1,1
"6287",29.0680521,40.2019327,1159149373,29.069998,40.199987,c(29.0680520648935, 40.2019326537123),1,1
"6289",32.4730639,37.8769583,1159149379,32.47501,37.875012,c(32.4730638650373, 37.8769582884684),1,1
"6290",35.3180582,36.9969345,1159149381,35.320004,36.994989,c(35.3180581684341, 36.9969344847541),1,1
"6292",30.0585859,-1.9516442,1159149385,30.060532,-1.95359,c(30.0585859190641, -1.95164421006325),1,1
"6306",-71.5319573,-16.418048,1159149417,-71.530011,-16.419994,c(-71.5319572942329, -16.418048018715),1,1
"6318",39.5780565,24.5019349,1159149443,39.580002,24.499989,c(39.578056540847, 24.5019348916052),1,1
"6330",67.023048,30.2219475,1159149471,67.024994,30.220002,c(67.0230479960348, 30.2219475055602),1,1
"6363",39.7107099,47.2365937,1159149545,39.712656,47.234648,c(39.7107099425402, 47.2365937051726),1,1
"6368",39.2680496,51.7319266,1159149557,39.269995,51.729981,c(39.268049623528, 51.7319265502427),1,1
"6370",61.4367223,55.1569371,1159149561,61.438668,55.154991,c(61.4367223124189, 55.1569371296833),1,1
"6376",46.0280504,51.5819357,1159149575,46.029996,51.57999,c(46.0280504373573, 51.5819357055155),1,1
"6378",73.3980077,54.9919343,1159149579,73.399954,54.989988,c(73.3980077128572, 54.9919342813753),1,1
"6385",127.4230822,36.3374915,1159149595,127.425028,36.335546,c(127.423082175964, 36.3374915322773),1,1
"6386",126.9084883,35.1729115,1159149597,126.910434,35.170966,c(126.908488263201, 35.1729114541478),1,1
"6387",129.0081017,35.0969988,1159149599,129.010048,35.095053,c(129.00810170722, 35.0969987751109),1,1
"6388",122.0780854,6.9219227,1159149601,122.080031,6.919977,c(122.078085431151, 6.92192268450333),1,1
"6414",-115.481962,32.6519284,1159149659,-115.480016,32.649983,c(-115.481961973771, 32.6519283812211),1,1
"6416",-103.4219487,25.5719988,1159149665,-103.420003,25.570053,c(-103.421948749439, 25.5719987750729),1,1
"6417",-107.3819138,24.8319406,1159149667,-107.379968,24.829995,c(-107.381913755965, 24.8319405882209),1,1
"6421",-101.0019414,22.1719221,1159149675,-100.999996,22.169976,c(-101.00194142521, 22.1719220742128),1,1
"6427",-101.7019762,21.1519327,1159149689,-101.70003,21.149987,c(-101.701976215252, 21.1519326536359),1,1
"6428",13.1580671,11.851906,1159149691,13.160013,11.84996,c(13.1580671201683, 11.8519060015806),1,1
"6429",7.0080549,4.8119481,1159149693,7.010001,4.810002,c(7.00805491311246, 4.81194811581025),1,1
"6431",3.9280362,7.3819721,1159149697,3.929982,7.380026,c(3.92803619565223, 7.38197212298184),1,1
"6432",4.2380431,8.1319522,1159149701,4.239989,8.130006,c(4.23804311297124, 8.13195218483366),1,1
"6434",7.4380545,10.5219613,1159149705,7.44,10.520015,c(7.43805450621312, 10.5219613401167),1,1
"6436",19.9580655,50.0619251,1159149709,19.960011,50.059979,c(19.9580654925913, 50.0619251260823),1,1
"6465",105.9180382,34.6019644,1159149775,105.919984,34.600019,c(105.918038230565, 34.601964391971),1,1
"6468",110.1480643,22.6319198,1159149781,110.15001,22.629974,c(110.148064272249, 22.631919836259),1,1
"6471",104.8313862,26.5963807,1159149787,104.833332,26.594435,c(104.831386212332, 26.5963806923947),1,1
"6472",118.5780407,24.9019622,1159149791,118.579987,24.900016,c(118.578040672022, 24.9019621539765),1,1
"6473",117.2780683,31.8519772,1159149793,117.280014,31.850031,c(117.278068341288, 31.8519772093429),1,1
"6474",116.976943,33.638057,1159149795,116.978889,33.636111,c(116.976943041387, 33.638056958613),1,1
"6475",110.3780761,21.2019296,1159149797,110.380022,21.199984,c(110.37807607238, 21.2019296018782),1,1
"6484",105.2680521,-5.4280728,1159149817,105.269998,-5.430019,c(105.268052065198, -5.42807283963452),1,1
"6486",112.6080692,-7.9780464,1159149821,112.610015,-7.979992,c(112.608069155071, -7.97804639107687),1,1
"6496",-74.8019127,10.9619345,1159149845,-74.799967,10.959989,c(-74.8019127385819, 10.9619344846499),1,1
"6518",113.0980651,29.3819988,1159149893,113.100011,29.380053,c(113.098065086063, 29.3819987750881),1,1
"6519",112.5880704,26.8819705,1159149895,112.590016,26.880025,c(112.588070375775, 26.8819704954558),1,1
"6520",104.7680309,31.4719229,1159149899,104.769977,31.469977,c(104.768030906342, 31.4719228880521),1,1
"6524",114.4780325,38.0519605,1159149907,114.479978,38.050015,c(114.478032533985, 38.0519605264248),1,1
"6525",114.4780325,36.5819211,1159149909,114.479978,36.579975,c(114.478032533985, 36.581921057018),1,1
"6526",122.9380846,41.1169672,1159149911,122.94003,41.115021,c(122.938084617352, 41.1169672403042),1,1
"6527",121.627885,38.9247843,1159149913,121.629831,38.922838,c(121.627884979006, 38.9247842518157),1,1
"6528",120.3280631,36.0919251,1159149917,120.330009,36.089979,c(120.328063051587, 36.0919251260264),1,1
"6529",118.3280301,35.0819351,1159149919,118.329976,35.079989,c(118.328030092594, 35.0819350950979),1,1
"6530",119.028039,33.5819491,1159149921,119.029985,33.580003,c(119.02803904442, 33.5819491331777),1,1
"6531",120.6481469,28.0219268,1159149923,120.650093,28.019981,c(120.648146873202, 28.0219267535983),1,1
"6532",121.5480919,29.8819166,1159149925,121.550038,29.879971,c(121.548091941566, 29.8819165810796),1,1
"6533",130.4080679,33.5969611,1159149927,130.410014,33.595015,c(130.40806793444, 33.5969611367586),1,1
"6538",122.268048,43.6219048,1159149939,122.269994,43.619959,c(122.268047996256, 43.6219047810043),1,1
"6539",111.6580496,40.8219207,1159149941,111.659995,40.819975,c(111.658049623818, 40.8219206501338),1,1
"6540",118.9480439,42.2719613,1159149943,118.94999,42.270015,c(118.948043927232, 42.271961340244),1,1
"6543",130.3480716,46.8319672,1159149949,130.350017,46.830021,c(130.348071596549, 46.8319672403273),1,1
"6545",124.9980622,46.581905,1159149955,125.000008,46.579959,c(124.998062237803, 46.5819049844668),1,1
"6546",130.9680854,45.3019056,1159149957,130.970031,45.29996,c(130.968085431187, 45.3019055948132),1,1
"6547",136.9130456,35.1569434,1159149959,136.914991,35.154998,c(136.913045554908, 35.1569434365694),1,1
"6551",135.7480521,35.0319381,1159149967,135.749998,35.029992,c(135.74805206532, 35.0319381468556),1,1
"6552",141.0197716,38.289052,1159149971,141.021717,38.287106,c(141.019771629144, 38.28905199778),1,1
"6555",22.3980716,-5.8880964,1159149977,22.400017,-5.890042,c(22.3980715961168, -5.8880964398968),1,1
"6557",23.59805,-6.1480806,1159149981,23.599996,-6.150026,c(23.5980500303664, -6.1480805707572),1,1
"6565",77.3147208,28.4352792,1159149999,77.316667,28.433333,c(77.3147208413872, 28.435279158613),1,1
"6566",74.8130635,34.1019174,1159150001,74.815009,34.099972,c(74.8130634583055, 34.1019173948987),1,1
"6567",80.6280574,16.5219052,1159150003,80.630003,16.519959,c(80.6280573548132, 16.521905187797),1,1
"6568",76.9480753,8.5019296,1159150007,76.950021,8.499984,c(76.9480752584444, 8.50192960182733),1,1
"6569",76.2219697,10.0169534,1159150009,76.223916,10.015008,c(76.2219697083112, 10.0169534055445),1,1
"6571",75.1230704,15.3619243,1159150013,75.125016,15.359978,c(75.1230703756247, 15.3619243121413),1,1
"6573",76.6580671,12.3119296,1159150017,76.660013,12.309984,c(76.6580671204225, 12.3119296018426),1,1
"6578",91.7680492,26.1619628,1159150029,91.769995,26.160017,c(91.768049216837, 26.1619627643332),1,1
"6581",-0.5969589,44.8519589,1159150035,-0.595013,44.850013,c(-0.596958921553323, 44.851958898848),1,1
"6582",5.3730643,43.2919249,1159150037,5.37501,43.289979,c(5.37306427182989, 43.2919249226046),1,1
"6604",43.1430586,36.3469483,1159150087,43.145004,36.345002,c(43.1430585753664, 36.3469483193867),1,1
"6621",48.7180671,31.2819345,1159150125,48.720013,31.279989,c(48.7180671203107, 31.281934484731),1,1
"6622",47.8116108,30.5154696,1159150127,47.813557,30.513524,c(47.811610821479, 30.515469640978),1,1
"6625",46.2993,38.0882374,1159150135,46.301246,38.086292,c(46.2993000304572, 38.0882373818939),1,1
"6626",75.8703116,30.9297079,1159150137,75.872257,30.927762,c(75.8703115865651, 30.9297079222298),1,1
"6627",75.8330529,25.1819451,1159150139,75.834999,25.179999,c(75.8330528788826, 25.1819450641336),1,1
"6628",73.014827,26.2937118,1159150141,73.016773,26.291766,c(73.0148269674131, 26.2937118284611),1,1
"6631",80.9130529,26.8569849,1159150147,80.914999,26.855039,c(80.9130528789029, 26.8569849404424),1,1
"6633",85.3280805,23.3719522,1159150153,85.330026,23.370006,c(85.3280805481915, 23.3719521848948),1,1
"6635",81.6330606,21.2369404,1159150157,81.635006,21.234995,c(81.6330606100256, 21.236940384756),1,1
"6636",79.9531115,23.1770028,1159150159,79.955057,23.175057,c(79.9531114726491, 23.1770028440736),1,1
"6637",75.8630769,22.7170051,1159150161,75.865023,22.715059,c(75.8630768860442, 22.7170050820275),1,1
"6639",78.1781294,11.6719428,1159150165,78.180075,11.669997,c(78.1781293762879, 11.6719428261241),1,1
"6640",78.6880207,10.8119436,1159150169,78.689967,10.809998,c(78.6880207337118, 10.8119436399227),1,1
"6647",-44.2679367,-2.5140388,1159150183,-44.265991,-2.515985,c(-44.2679367049312, -2.51403882269574),1,1
"6651",-43.9169504,-19.9130802,1159150193,-43.915005,-19.915026,c(-43.9169503768048, -19.9130801639112),1,1
"6656",-56.086931,-15.5676606,1159150205,-56.084985,-15.569607,c(-56.086931049054, -15.5676606489198),1,1
"6660",-42.7819551,-5.0930545,1159150213,-42.780009,-5.095,c(-42.7819550561622, -5.09305452908632),1,1
"6661",-35.7319203,-9.6180496,1159150215,-35.729974,-9.619996,c(-35.731920266095, -9.61804964629198),1,1
"6665",-35.2419502,-5.7780773,1159150225,-35.240004,-5.780023,c(-35.2419501733195, -5.77807731554731),1,1
"6697",-65.21857,-26.8140543,1159150297,-65.216624,-26.816,c(-65.2185700464863, -26.8140542850325),1,1
"6700",-60.6682535,-32.9491837,1159150303,-60.666308,-32.95113,c(-60.6682534774578, -32.9491836795884),1,1
"6701",-47.1019756,-22.8980659,1159150305,-47.10003,-22.900012,c(-47.1019756046821, -22.8980659223867),1,1
"6722",89.5580549,22.8419329,1159150353,89.560001,22.839987,c(89.5580549134427, 22.8419328570932),1,1
"6752",88.6030744,24.3769296,1159150421,88.60502,24.374984,c(88.6030744446889, 24.3769296018909),1,1
"6753",96.083083,21.9719343,1159150423,96.085029,21.969988,c(96.0830829896408, 21.9719342812433),1,1
"6771",75.7680439,11.2523819,1159150463,75.76999,11.250436,c(75.7680439270595, 11.2523818723465),1,1
"6772",85.8254145,20.2723739,1159150465,85.82736,20.270428,c(85.8254145325683, 20.2723739378121),1,1
"6773",86.1955728,22.7894813,1159150467,86.197519,22.787535,c(86.1955728170751, 22.7894812783169),1,1
"6774",-56.1729981,-34.8560957,1159150469,-56.171052,-34.858042,c(-56.172998147036, -34.8560957075907),1,1
"6778",-121.8519349,37.3019288,1159150479,-121.849989,37.299983,c(-121.851934914877, 37.3019287881405),1,1
"6779",-121.4719839,38.5769672,1159150481,-121.470038,38.575021,c(-121.471983946451, 38.5769672402942),1,1
"6780",-115.221952,36.2119436,1159150483,-115.220006,36.209998,c(-115.221952004694, 36.2119436400243),1,1
"6782",-122.6819359,45.5219697,1159150487,-122.67999,45.520024,c(-122.681935932133, 45.521969681728),1,1
"6783",-111.9319978,40.7769622,1159150489,-111.930052,40.775016,c(-111.931997781048, 40.7769621540401),1,1
"6787",-97.5206294,35.4719888,1159150499,-97.518684,35.470043,c(-97.5206293727874, 35.4719888060368),1,1
"6789",-98.5092512,29.489279,1159150503,-98.507305,29.487333,c(-98.5092511989633, 29.4892790485259),1,1
"6791",-67.9819673,10.2319274,1159150507,-67.980021,10.229982,c(-67.9819672632943, 10.2319273638785),1,1
"6794",-81.6969441,41.4719327,1159150515,-81.694998,41.469987,c(-81.6969440699896, 41.4719326537173),1,1
"6795",-84.4588685,39.1638306,1159150517,-84.456923,39.161885,c(-84.4588685084773, 39.1638306436168),1,1
"6796",-86.7819308,36.1719202,1159150519,-86.779985,36.169974,c(-86.7819308457263, 36.1719202432141),1,1
"6797",-90.001941,35.1219327,1159150521,-89.999995,35.119987,c(-90.0019410182651, 35.1219326536918),1,1
"6799",-87.9219129,43.0546009,1159150525,-87.919967,43.052655,c(-87.921912942085, 43.0546009073042),1,1
"6800",-78.8819479,42.8819241,1159150529,-78.880002,42.879978,c(-78.8819479355383, 42.8819241088008),1,1
"6801",-80.0019313,40.4319445,1159150531,-79.999985,40.429999,c(-80.0019312526002, 40.4319444538431),1,1
"6803",1.2208113,6.1338829,1159150535,1.222757,6.131937,c(1.22081126074562, 6.13388293026838),1,1
"6819",28.2813817,-15.4146984,1159150571,28.283328,-15.416644,c(28.2813817361143, -15.4146984093359),1,1
"6820",31.0427636,-17.8158438,1159150573,31.044709,-17.81779,c(31.0427635720628, -17.8158438357778),1,1
"6824",-87.2194752,14.1039908,1159150583,-87.217529,14.102045,c(-87.2194751979415, 14.1039907590764),1,1
"6827",-72.3379804,18.5429705,1159150589,-72.336035,18.541025,c(-72.3379804469055, 18.5429704547324),1,1
"6828",-4.2526531,55.8763506,1159150591,-4.250707,55.874405,c(-4.25265309474497, 55.8763505818347),1,1
"6829",32.5813777,0.3186048,1159150593,32.583324,0.316659,c(32.581377667121, 0.318604813383331),1,1
"6834",2.1147102,13.5186518,1159150605,2.116656,13.516706,c(2.11471018653037, 13.5186518105065),1,1
"6841",-57.643451,-25.2944571,1159150621,-57.641505,-25.296403,c(-57.6434510279013, -25.2944571170577),1,1
"6842",-86.2704375,12.1549624,1159150623,-86.268492,12.153017,c(-86.2704375189012, 12.1549624387561),1,1
"6843",-13.2361616,8.4719573,1159150625,-13.234216,8.470011,c(-13.2361615990127, 8.47195727109818),1,1
"6852",73.1646886,33.7019418,1159150645,73.166634,33.699996,c(73.1646886210596, 33.7019418089596),1,1
"6853",71.4530618,30.2019229,1159150647,71.455008,30.199977,c(71.4530618306881, 30.2019228880472),1,1
"6854",68.3730431,25.3819329,1159150649,68.374989,25.379987,c(68.3730431132278, 25.3819328571033),1,1
"6855",71.5330569,34.006962,1159150651,71.535003,34.005016,c(71.5330569478758, 34.0069619505622),1,1
"6856",85.3146964,27.7186378,1159150655,85.316642,27.716692,c(85.3146963522279, 27.7186377724772),1,1
"6859",28.2274832,-25.7049747,1159150661,28.229429,-25.706921,c(28.2274832172338, -25.7049746951844),1,1
"6862",-79.534983,8.969963,1159150667,-79.533037,8.968017,c(-79.5349830104108, 8.96996304909487),1,1
"6863",-5.0023231,34.0565455,1159150669,-5.000377,34.0546,c(-5.00232309800316, 34.0565454873464),1,1
"6865",-8.0019333,31.631939,1159150675,-7.999987,31.629993,c(-8.0019332868174, 31.631938960644),1,1
"6868",25.598083,-33.9680879,1159150681,25.600029,-33.970034,c(25.5980829893589, -33.9680878950873),1,1
"6869",32.5872171,-25.9533316,1159150683,32.589163,-25.955277,c(32.5872171039701, -25.953331628779),1,1
"6874",43.9981485,56.3349531,1159150695,44.000094,56.333007,c(43.9981485005, 56.334953080209),1,1
"6875",44.4980146,48.7119558,1159150697,44.49996,48.71001,c(44.4980146300593, 48.7119558471057),1,1
"6876",56.0380854,54.7919207,1159150699,56.040031,54.789975,c(56.0380854308868, 54.7919206501896),1,1
"6877",60.5980138,56.8519758,1159150701,60.59996,56.85003,c(60.5980138163218, 56.8519757852891),1,1
"6878",50.1493493,53.1969534,1159150703,50.151295,53.195008,c(50.1493492654986, 53.1969534057173),1,1
"6879",49.1243989,55.7518879,1159150705,49.126345,55.749942,c(49.1243989074216, 55.7518878946597),1,1
"6882",82.958096,55.031906,1159150713,82.960042,55.02996,c(82.9580960104216, 55.0319060017533),1,1
"6883",45.3647318,2.0686272,1159150715,45.366678,2.066681,c(45.3647317524587, 2.06862719294753),1,1
"6886",123.8981294,10.3219219,1159150721,123.900075,10.319976,c(123.898129376471, 10.3219218707148),1,1
"6888",125.6280496,7.1119628,1159150727,125.629995,7.110017,c(125.628049623873, 7.11196276425676),1,1
"6891",92.8640547,56.0159286,1159150733,92.866001,56.013983,c(92.8640546693154, 56.0159286254552),1,1
"6899",-117.0819418,32.5019634,1159150751,-117.079996,32.500018,c(-117.081941832176, 32.5019633747099),1,1
"6900",-106.0869282,28.6469274,1159150753,-106.084982,28.644982,c(-106.086928200947, 28.6469273639523),1,1
"6907",-89.6185794,20.9685847,1159150769,-89.616634,20.966639,c(-89.6185794053079, 20.9685846718642),1,1
"6910",56.2480468,58.0019056,1159150775,56.249993,57.99996,c(56.2480467752887, 58.0019055948639),1,1
"6912",106.9146699,47.9186193,1159150781,106.916616,47.916673,c(106.914669903747, 47.9186192585607),1,1
"6917",-0.4019579,39.4869634,1159150791,-0.400012,39.485018,c(-0.401957904299877, 39.4869633747377),1,1
"6920",7.5313821,9.085279,1159150799,7.533328,9.083333,c(7.53138214293233, 9.0852790077542),1,1
"6921",100.3580675,-0.9580614,1159150801,100.360013,-0.960007,c(100.358067527418, -0.958061446387489),1,1
"6923",13.3480814,38.1269689,1159150805,13.350027,38.125023,c(13.3480813617056, 38.1269688678965),1,1
"6924",35.9313541,31.9519711,1159150807,35.9333,31.950025,c(35.9313540668741, 31.9519711058275),1,1
"6927",74.5832584,42.8750253,1159150813,74.585204,42.873079,c(74.5832583639037, 42.8750253050901),1,1
"6929",101.768059,36.6219445,1159150819,101.770005,36.619999,c(101.768058982502, 36.621944453828),1,1
"6930",110.2780822,25.281939,1159150821,110.280028,25.279993,c(110.278082175895, 25.2819389606186),1,1
"6931",116.978035,32.6319296,1159150823,116.979981,32.629984,c(116.978034975401, 32.631929601924),1,1
"6932",116.6680797,23.3719522,1159150825,116.670026,23.370006,c(116.668079734515, 23.3719521848948),1,1
"6934",39.6879723,-4.0380802,1159150829,39.689918,-4.040026,c(39.6879723123319, -4.03808016384778),1,1
"6936",47.514678,-18.9146915,1159150835,47.516624,-18.916637,c(47.5146780415299, -18.9146914920321),1,1
"6937",110.4180736,-6.9646716,1159150837,110.420019,-6.966617,c(110.418073630974, -6.96467155383328),1,1
"6938",104.7480838,-2.9780932,1159150839,104.75003,-2.980039,c(104.748083803478, -2.97809318467682),1,1
"6940",119.4300817,-5.138013,1159150843,119.432028,-5.139959,c(119.430081687651, -5.13801302518021),1,1
"6941",4.8280846,45.7719544,1159150845,4.83003,45.770009,c(4.82808461687983, 45.7719544229401),1,1
"6942",-78.501997,-0.2130423,1159150847,-78.500051,-0.214988,c(-78.5019969671124, -0.213042322035562),1,1
"6943",-84.0859972,9.9369583,1159150849,-84.084051,9.935012,c(-84.0859972112754, 9.93695828835661),1,1
"6944",-89.2049871,13.7119475,1159150853,-89.203041,13.710002,c(-89.2049870794599, 13.711947505494),1,1
"6946",-75.5163394,10.4016844,1159150857,-75.514394,10.399739,c(-75.5163394150172, 10.4016844439575),1,1
"6949",15.0472025,12.1150424,1159150863,15.049148,12.113097,c(15.0472024554623, 12.1150423948106),1,1
"6960",106.2710916,38.4699195,1159150889,106.273037,38.467974,c(106.271091615984, 38.4699195108014),1,1
"6961",113.8480968,27.6219512,1159150891,113.850043,27.620005,c(113.848096824347, 27.6219511676593),1,1
"6963",123.9880464,47.3469229,1159150895,123.989992,47.344977,c(123.988046368659, 47.3469228881157),1,1
"6967",27.4780716,-11.6780789,1159150903,27.480017,-11.680025,c(27.4780715961371, -11.6780789431752),1,1
"6969",-90.5289114,14.6230805,1159150909,-90.526966,14.621135,c(-90.5289114365615, 14.6230805214482),1,1
"6972",83.3030362,17.7319605,1159150915,83.304982,17.730015,c(83.3030361959698, 17.7319605263434),1,1
"6979",-71.6229595,-33.0458186,1159150931,-71.621014,-33.047764,c(-71.6229594914989, -33.0458186079742),1,1
"6985",-8.001985,12.6519605,1159150945,-8.000039,12.650015,c(-8.0019849632497, 12.6519605263233),1,1
"6989",20.0647773,32.1186793,1159150953,20.066723,32.116733,c(20.0647773252741, 32.1186792764011),1,1
"6990",22.8830549,40.6980522,1159150955,22.885001,40.696106,c(22.883054913176, 40.6980522419303),1,1
"6991",35.5077624,33.873921,1159150957,35.509708,33.871975,c(35.5077623513777, 33.8739209756269),1,1
"6992",44.7888496,41.7269558,1159150961,44.790795,41.72501,c(44.788849590998, 41.7269558470776),1,1
"6996",76.9130903,43.3269357,1159150969,76.915036,43.32499,c(76.9130903137827, 43.3269357054824),1,1
"6997",51.6980919,32.7019512,1159150971,51.700038,32.700005,c(51.6980919412862, 32.7019511676795),1,1
"6998",52.5680647,29.631906,1159150973,52.570011,29.62996,c(52.5680646789199, 29.6319060016516),1,1
"6999",74.8680472,31.6419384,1159150975,74.869993,31.639992,c(74.8680471822641, 31.6419383502926),1,1
"7000",82.9980936,25.3319359,1159150979,83.000039,25.32999,c(82.9980935690155, 25.3319359088608),1,1
"7001",86.9813874,23.6852792,1159150981,86.983333,23.683333,c(86.9813874413871, 23.685279158613),1,1
"7002",81.4313874,21.2186126,1159150983,81.433333,21.216667,c(81.4313874413872, 21.218612558613),1,1
"7003",77.4080472,23.2519337,1159150985,77.409993,23.249988,c(77.4080471822743, 23.2519336708967),1,1
"7004",78.1180814,9.9219721,1159150987,78.120027,9.920026,c(78.1180813619646, 9.92197212299209),1,1
"7005",76.9480753,11.0019062,1159150989,76.950021,10.99996,c(76.9480752584444, 11.0019062050276),1,1
"7007",15.2827436,-4.2572399,1159150993,15.284689,-4.259186,c(15.2827436338487, -4.25723991319751),1,1
"7008",-13.6821809,9.5334687,1159150997,-13.680235,9.531523,c(-13.6821808861239, 9.53346870502179),1,1
"7011",-69.955261,-4.2012067,1159151003,-69.939979,-4.220015,c(-69.9552610312869, -4.20120673969577),2,2
"7012",-60.0019634,-3.0980859,1159151005,-60.000018,-3.100032,c(-60.0019633977025, -3.09808586045858),1,1
"7018",-54.6185711,-20.4480863,1159151019,-54.616625,-20.450032,c(-54.6185710636965, -20.448086267429),1,1
"7019",-48.5219664,-27.5780387,1159151021,-48.520021,-27.579985,c(-48.5219664494143, -27.5780386600355),1,1
"7025",-114.0819441,51.0849376,1159151035,-114.079998,51.082992,c(-114.081944070119, 51.0849376179484),1,1
"7036",-75.7019612,45.4186427,1159151059,-75.700015,45.416697,c(-75.7019611598095, 45.4186426553604),1,1
"7045",20.4660448,44.8205913,1159151079,20.467991,44.818645,c(20.4660448220205, 44.8205913044467),1,1
"7051",-68.818557,-32.8813842,1159151093,-68.816611,-32.88333,c(-68.8185570256674, -32.8813842004214),1,1
"7056",-64.1842404,-31.3980122,1159151105,-64.182295,-31.399958,c(-64.1842404159484, -31.3980122114831),1,1
"7061",11.5147049,3.8686465,1159151115,11.516651,3.866701,c(11.5147048968544, 3.86864652075411),1,1
"7063",44.5116055,40.1830966,1159151119,44.513551,40.181151,c(44.5116055317521, 40.1830965941419),1,1
"7064",49.8602713,40.3972179,1159151123,49.862217,40.395272,c(49.8602713032578, 40.397217891343),1,1
"7066",104.9146886,11.551976,1159151127,104.916634,11.55003,c(104.914688621186, 11.5519759885584),1,1
"7068",15.7580635,-12.7480395,1159151131,15.760009,-12.749985,c(15.7580634580694, -12.7480394737783),1,1
"7069",-68.151931,-16.4960278,1159151133,-68.149985,-16.497974,c(-68.1519310491022, -16.4960277550434),1,1
"7070",-63.2279422,-17.7519718,1159151135,-63.225996,-17.753918,c(-63.227942198171, -17.751971765465),1,1
"7071",-0.6219186,35.7119483,1159151137,-0.619973,35.710002,c(-0.621918638350394, 35.7119483193841),1,1
"7072",2.5180447,6.4019544,1159151141,2.519991,6.400009,c(2.5180447405686, 6.40195442278247),1,1
"7075",23.3147082,42.6852953,1159151147,23.316654,42.683349,c(23.3147081521101, 42.6852952839305),1,1
"7076",27.5646813,53.9019233,1159151149,27.566627,53.899977,c(27.5646812966583, 53.9019232950431),1,1
"7083",138.598059,-34.9330419,1159151165,138.600005,-34.934988,c(138.598058982649, -34.9330419152735),1,1
"7085",153.0331469,-27.453085,1159151169,153.035093,-27.455031,c(153.033146873332, -27.4530850467538),1,1
"7087",-1.5266696,12.3722618,1159151173,-1.524724,12.370316,c(-1.52666961491644, 12.3722618365434),1,1
"7089",96.1166727,19.7685029,1159151179,96.118619,19.766557,c(96.1166726706304, 19.7685028847501),1,1
"7105",114.1201772,22.5543164,1159151215,114.122123,22.552371,c(114.120177229833, 22.554316369678),1,1
"7106",118.0480472,36.8019335,1159151217,118.049993,36.799988,c(118.048047182437, 36.8019334675005),1,1
"7107",-93.2537322,44.9819251,1159151219,-93.251786,44.979979,c(-93.2537321966635, 44.9819251260619),1,1
"7108",-157.8599437,21.3088223,1159151221,-157.857998,21.306876,c(-157.859943744774, 21.308822302074),1,1
"7109",-122.3419308,47.5719479,1159151223,-122.339985,47.570002,c(-122.341930845868, 47.5719479125307),1,1
"7110",-112.0719376,33.5419257,1159151225,-112.069992,33.53998,c(-112.071937559695, 33.5419257363676),1,1
"7111",-117.1819357,32.8219697,1159151227,-117.17999,32.820024,c(-117.18193572866, 32.8219696816773),1,1
"7112",-90.2419264,38.6369636,1159151231,-90.239981,38.635018,c(-90.2419263698286, 38.6369635781851),1,1
"7113",-90.0419127,29.9969483,1159151233,-90.039967,29.995002,c(-90.0419127386428, 29.9969483193615),1,1
"7114",-96.8419628,32.8219697,1159151235,-96.840017,32.820024,c(-96.8419627874982, 32.8219696816773),1,1
"7115",-71.6619235,10.7319227,1159151237,-71.659978,10.729977,c(-71.661923521447, 10.7319226845186),1,1
"7116",-71.0719595,42.331906,1159151239,-71.070014,42.32996,c(-71.0719595321868, 42.3319060017023),1,1
"7117",-82.4605667,27.9489338,1159151241,-82.458621,27.946988,c(-82.4605667099668, 27.9489337929859),1,1
"7118",-75.1719418,40.001919,1159151243,-75.169996,39.999973,c(-75.1719418320079, 40.0019190225265),1,1
"7119",-83.0820016,42.331906,1159151245,-83.080056,42.32996,c(-83.0820016464927, 42.3319060017023),1,1
"7121",105.8480683,21.0352731,1159151251,105.850014,21.033327,c(105.848068341242, 21.0352731077371),1,1
"7122",106.6930814,10.7819713,1159151253,106.695027,10.780025,c(106.693081362079, 10.7819713091934),1,1
"7123",32.8624458,39.9291844,1159151255,32.864392,39.927239,c(32.8624457823566, 39.9291844440755),1,1
"7124",19.0813748,47.5019522,1159151257,19.083321,47.500006,c(19.0813748187597, 47.5019521849914),1,1
"7125",44.2046475,15.3566792,1159151259,44.206593,15.354733,c(44.2046475239384, 15.3566791542636),1,1
"7126",2.1814245,41.3852454,1159151261,2.18337,41.3833,c(2.18142446061916, 41.3852454385475),1,1
"7127",26.0980008,44.4353177,1159151263,26.099947,44.433372,c(26.0980007953504, 44.4353176634946),1,1
"7128",37.1680744,36.2319166,1159151267,37.17002,36.229971,c(37.1680744444832, 36.2319165811052),1,1
"7129",36.29805,33.5019799,1159151269,36.299996,33.500034,c(36.2980500304171, 33.5019798542061),1,1
"7130",8.5480643,47.3819337,1159151271,8.55001,47.379988,c(8.54806427184258, 47.3819336709935),1,1
"7131",-9.1468122,38.7246687,1159151273,-9.144866,38.722723,c(-9.14681216410213, 38.7246687364878),1,1
"7132",32.5322334,15.5900241,1159151275,32.534179,15.588078,c(32.5322333800116, 15.5900240842777),1,1
"7133",39.2172517,21.5188353,1159151277,39.219198,21.516889,c(39.2172516905851, 21.518835322908),1,1
"7134",39.8180936,21.4319672,1159151279,39.820039,21.430021,c(39.8180935688428, 21.4319672402254),1,1
"7135",10.7480333,59.9186361,1159151281,10.749979,59.91669,c(10.7480333473723, 59.9186361450019),1,1
"7136",74.3480789,31.5619174,1159151285,74.350025,31.559972,c(74.3480789205435, 31.5619173948884),1,1
"7137",66.9880631,24.8719381,1159151287,66.990009,24.869992,c(66.9880630513734, 24.8719381468148),1,1
"7138",30.9780647,-29.8630671,1159151289,30.980011,-29.865013,c(30.9780646788334, -29.8630671431176),1,1
"7139",30.3140742,59.9409604,1159151291,30.31602,59.939015,c(30.3140742003151, 59.9409603637519),1,1
"7140",-103.3319801,20.671962,1159151293,-103.330034,20.670016,c(-103.331980080818, 20.6719619505089),1,1
"7141",-98.2019831,19.0519058,1159151295,-98.200037,19.04996,c(-98.2019831325558, 19.0519057981587),1,1
"7142",8.5180919,12.0019227,1159151297,8.520038,11.999977,c(8.51809194111325, 12.0019226845236),1,1
"7143",20.9980537,52.2519465,1159151299,21,52.250001,c(20.9980536924653, 52.2519464883956),1,1
"7144",125.7527449,39.0213846,1159151303,125.754691,39.019439,c(125.752744854994, 39.0213845580043),1,1
"7145",39.266396,-6.7980667,1159151305,39.268342,-6.800013,c(39.2663959776946, -6.79806673612438),1,1
"7146",98.6480944,3.5819198,1159151307,98.65004,3.579974,c(98.6480943828801, 3.58191983618275),1,1
"7147",-6.2508515,53.335007,1159151309,-6.248906,53.333061,c(-6.25085154039107, 53.3350069945849),1,1
"7148",-10.7996604,6.3145816,1159151311,-10.804752,6.310557,c(-10.7996604367759, 6.31458164716014),1,1
"7149",14.2430655,40.8419711,1159151313,14.245011,40.840025,c(14.2430654925685, 40.8419711058632),1,1
"7150",9.2030631,45.4719211,1159151315,9.205009,45.469975,c(9.20306305114212, 45.4719210570535),1,1
"7151",101.6980374,3.1686117,1159151317,101.699983,3.166666,c(101.698037416746, 3.16861173071237),1,1
"7152",103.7900544,36.0579737,1159151321,103.792,36.056028,c(103.790054425218, 36.0579737100106),1,1
"7153",108.3180985,22.8219341,1159151323,108.320044,22.819988,c(108.318098451929, 22.8219340777961),1,1
"7154",106.7180928,26.5819888,1159151325,106.720039,26.580043,c(106.718092755308, 26.5819888060014),1,1
"7155",106.5930358,29.5669229,1159151327,106.594982,29.564977,c(106.593035789162, 29.5669228880446),1,1
"7156",119.2981001,26.0819418,1159151329,119.300046,26.079996,c(119.298100079577, 26.081941808929),1,1
"7157",113.3230643,23.1469272,1159151331,113.32501,23.144981,c(113.323064272262, 23.1469271604799),1,1
"7158",113.7427763,23.0508348,1159151333,113.744722,23.048889,c(113.742776341387, 23.050834758613),1,1
"7159",107.5680667,-6.9480834,1159151335,107.570013,-6.950029,c(107.568066713645, -6.94808341906776),1,1
"7160",112.7488874,-7.24729,1159151339,112.750833,-7.249236,c(112.748887433067, -7.24728996203748),1,1
"7161",-79.9219878,-2.2180879,1159151341,-79.920042,-2.220034,c(-79.9219878118445, -2.21808789496015),1,1
"7162",-75.5769559,6.2769491,1159151343,-75.57501,6.275003,c(-75.5769558700956, 6.27694913306851),1,1
"7163",-76.5019123,3.401905,1159151345,-76.499966,3.399959,c(-76.5019123316876, 3.40190498429405),1,1
"7164",-82.366128,23.1339047,1159151347,-82.364182,23.131959,c(-82.3661280299533, 23.1339046995422),1,1
"7165",29.94805,31.2019652,1159151349,29.949996,31.200019,c(29.9480500303918, 31.2019652057594),1,1
"7167",9.9980533,53.5519705,1159151353,9.999999,53.550025,c(9.99805328552031, 53.5519704955624),1,1
"7168",11.5730476,48.1318879,1159151357,11.574993,48.129942,c(11.5730475889121, 48.1318878946292),1,1
"7169",14.4640339,50.0852829,1159151359,14.46598,50.083337,c(14.4640339170485, 50.0852828734783),1,1
"7170",47.9763553,29.3716635,1159151361,47.978301,29.369718,c(47.9763552876253, 29.3716634886296),1,1
"7171",108.8930504,34.2769713,1159151363,108.894996,34.275025,c(108.893050437609, 34.2769713092873),1,1
"7172",112.5431119,37.8769583,1159151365,112.545058,37.875012,c(112.543111879681, 37.8769582884684),1,1
"7173",114.2680712,30.5819772,1159151367,114.270017,30.580031,c(114.268071189583, 30.5819772093378),1,1
"7174",112.9680472,28.2019158,1159151369,112.969993,28.19997,c(112.968047182417, 28.2019157672708),1,1
"7175",102.6780293,25.0719259,1159151371,102.679975,25.06998,c(102.67802927873, 25.0719259397845),1,1
"7176",113.6631469,34.756942,1159151375,113.665093,34.754996,c(113.663146873175, 34.7569420124143),1,1
"7177",123.4480277,41.8069251,1159151377,123.449974,41.804979,c(123.448027651209, 41.8069251260492),1,1
"7178",116.9930728,36.6769282,1159151379,116.995019,36.674982,c(116.993072817198, 36.6769281777864),1,1
"7179",117.1980732,39.1319721,1159151381,117.200019,39.130026,c(117.1980732241, 39.1319721231089),1,1
"7180",115.8780504,28.6819381,1159151383,115.879996,28.679992,c(115.878050437637, 28.6819381468301),1,1
"7181",118.7780285,32.051965,1159151385,118.779974,32.050019,c(118.778028464992, 32.0519650023123),1,1
"7182",120.1680728,30.2519198,1159151387,120.170019,30.249974,c(120.168072817211, 30.2519198362895),1,1
"7183",132.4409671,34.389781,1159151389,132.442913,34.387835,c(132.44096710437, 34.3897809609806),1,1
"7184",125.3380415,43.8669544,1159151393,125.339987,43.865009,c(125.338041485851, 43.8669544229325),1,1
"7185",109.820074,40.6541531,1159151395,109.82202,40.652207,c(109.820073956493, 40.6541531126984),1,1
"7186",126.648039,45.7519298,1159151397,126.649985,45.749984,c(126.648039044451, 45.7519298054272),1,1
"7187",141.3380985,43.0769251,1159151399,141.340044,43.074979,c(141.338098452062, 43.0769251260542),1,1
"7188",-69.9020309,18.4720187,1159151401,-69.900085,18.470073,c(-69.902030943315, 18.4720187131954),1,1
"7189",-0.2186616,5.5519805,1159151403,-0.216716,5.550035,c(-0.218661598960693, 5.55198046444593),1,1
"7190",77.2280582,28.6719388,1159151405,77.230004,28.669993,c(77.2280581686018, 28.6719387571815),1,1
"7191",78.4780077,17.401929,1159151407,78.479954,17.399983,c(78.4780077128775, 17.4019289915115),1,1
"7192",73.8480578,18.5319634,1159151411,73.850004,18.530018,c(73.8480577616872, 18.531963374654),1,1
"7193",79.088048,21.1719056,1159151413,79.089994,21.16996,c(79.0880479960831, 21.1719055947166),1,1
"7195",34.7680659,32.0819373,1159151417,34.770012,32.079991,c(34.7680658995517, 32.0819373330417),1,1
"7196",24.9321805,60.1775092,1159151419,24.934126,60.175563,c(24.9321804828456, 60.1775092325681),1,1
"7197",59.5680508,36.2719658,1159151421,59.569997,36.27002,c(59.5680508443123, 36.2719658161312),1,1
"7198",75.8080415,26.9230791,1159151423,75.809987,26.921133,c(75.8080414856534, 26.9230790973438),1,1
"7199",80.3180504,26.4619445,1159151425,80.319996,26.459999,c(80.3180504374944, 26.4619444537872),1,1
"7200",85.1280928,25.626905,1159151429,85.130039,25.624959,c(85.1280927552218, 25.6269049843829),1,1
"7201",80.2780529,13.0919337,1159151431,80.279999,13.089988,c(80.2780528789003, 13.0919336708563),1,1
"7202",72.5780578,23.0319988,1159151433,72.580004,23.030053,c(72.5780577616821, 23.0319987750627),1,1
"7203",72.8380936,21.2019296,1159151435,72.840039,21.199984,c(72.8380935689748, 21.2019296018782),1,1
"7204",12.5615399,55.68051,1159151437,12.563486,55.678564,c(12.5615398887033, 55.6805100490259),1,1
"7205",-4.0419941,5.3219428,1159151439,-4.040048,5.319997,c(-4.04199411850709, 5.32194282609856),1,1
"7206",-48.4819689,-1.4480574,1159151441,-48.480023,-1.450003,c(-48.4819688908204, -1.44805737737897),1,1
"7207",-47.9179981,-15.7813944,1159151443,-47.916052,-15.78334,c(-47.9179981470031, -15.781394372879),1,1
"7208",-51.2019579,-30.0480688,1159151447,-51.200012,-30.050015,c(-51.2019579045032, -30.0480687707225),1,1
"7209",-49.3219435,-25.4180671,1159151449,-49.319998,-25.420013,c(-49.3219434595086, -25.4180671430998),1,1
"7210",-38.5819272,-3.748072,1159151451,-38.579981,-3.750018,c(-38.5819271834241, -3.74807202582576),1,1
"7211",-38.4819333,-12.968026,1159151453,-38.479987,-12.969972,c(-38.4819332869392, -12.9680260460448),1,1
"7212",-113.5019278,53.5519705,1159151455,-113.499982,53.550025,c(-113.501927794075, 53.5519704955624),1,1
"7213",-73.5852428,45.5019451,1159151457,-73.583297,45.499999,c(-73.5852428167021, 45.501945064215),1,1
"7214",-49.3019705,-16.7180814,1159151459,-49.300025,-16.720027,c(-49.3019705184279, -16.7180813846015),1,1
"7215",-34.9175514,-8.0736995,1159151461,-34.915606,-8.075645,c(-34.9175513696073, -8.07369946724924),1,1
"7216",4.3313707,50.8352629,1159151465,4.333317,50.833317,c(4.33137074969045, 50.8352629353303),1,1
"7217",90.4066336,23.7250056,1159151467,90.408579,23.72306,c(90.4066336081075, 23.7250055703128),1,1
"7218",13.2324812,-8.8363403,1159151469,13.234427,-8.838286,c(13.2324811826686, -8.83634025501266),1,1
"7219",3.0486067,36.7650107,1159151471,3.050553,36.763065,c(3.04860667090924, 36.7650106566281),1,1
"7220",91.7980215,22.3319381,1159151473,91.799967,22.329992,c(91.7980215475663, 22.3319381468046),1,1
"7221",115.8380529,-31.9530688,1159151475,115.839999,-31.955015,c(115.838052879043, -31.9530687707302),1,1
"7222",96.1647318,16.7853,1159151477,96.166678,16.783354,c(96.1647317526619, 16.7852999631888),1,1
"7223",-122.4171688,37.7691956,1159151479,-122.459978,37.740008,c(-122.417168773552, 37.7691956296874),2,2
"7224",-104.9859618,39.7411339,1159151483,-104.984016,39.739188,c(-104.985961810968, 39.7411339069655),1,1
"7225",-95.3419251,29.8219202,1159151485,-95.339979,29.819974,c(-95.341925149146, 29.8219202431889),1,1
"7226",-80.2260519,25.7895566,1159151487,-80.224106,25.787611,c(-80.22605193945, 25.7895565550215),1,1
"7227",-84.4018952,33.8319597,1159151489,-84.399949,33.830014,c(-84.4018952418756, 33.8319597126059),1,1
"7228",-87.7520008,41.8319365,1159151491,-87.750055,41.829991,c(-87.7520008327093, 41.8319365192784),1,1
"7229",-66.9189831,10.5029444,1159151493,-66.917037,10.500999,c(-66.9189830510504, 10.5029444130333),1,1
"7230",30.5146821,50.4353132,1159151495,30.516628,50.433367,c(30.5146821104722, 50.4353131876072),1,1
"7231",55.2780285,25.231942,1159151497,55.279974,25.229996,c(55.2780284647379, 25.2319420123761),1,1
"7232",69.292987,41.3136477,1159151501,69.294933,41.311702,c(69.2929869608878, 41.3136477416072),1,1
"7233",-3.6852975,40.4019721,1159151503,-3.683352,40.400026,c(-3.68529754461252, 40.4019721231138),1,1
"7235",18.0953889,59.3527058,1159151507,18.097335,59.35076,c(18.0953888741809, 59.3527058128658),1,1
"7236",100.5146988,13.7519451,1159151509,100.516645,13.749999,c(100.514698793695, 13.751945064088),1,1
"7237",-77.052008,-12.0460668,1159151511,-77.050062,-12.048013,c(-77.0520079534347, -12.0460668175256),1,1
"7238",-17.475076,14.7177776,1159151513,-17.47313,14.715832,c(-17.4750759870506, 14.7177775836233),1,1
"7239",28.0280639,-26.1680989,1159151515,28.03001,-26.170045,c(28.0280638650195, -26.1680988813841),1,1
"7240",4.9146943,52.3519145,1159151519,4.91664,52.349969,c(4.91469431740097, 52.3519145466644),1,1
"7241",-7.6183133,33.6019221,1159151521,-7.616367,33.599976,c(-7.61831329169871, 33.6019220742585),1,1
"7242",126.9977851,37.568295,1159151523,126.999731,37.566349,c(126.997785138202, 37.5682949583889),1,1
"7243",120.9802713,14.6061048,1159151525,120.982217,14.604159,c(120.980271303542, 14.6061048134405),1,1
"7244",-100.3319306,25.671941,1159151527,-100.329985,25.669995,c(-100.33193064233, 25.6719409951253),1,1
"7245",13.3996028,52.5237645,1159151529,13.401549,52.521819,c(13.3996027647005, 52.5237645222512),1,1
"7246",87.5730598,43.8069581,1159151531,87.575006,43.805012,c(87.5730597962473, 43.8069580850418),1,1
"7247",104.0680736,30.6719459,1159151533,104.070019,30.67,c(104.068073630949, 30.6719458779578),1,1
"7248",135.458199,34.7519811,1159151537,135.460145,34.750035,c(135.458198956595, 34.7519810749142),1,1
"7249",15.313026,-4.3277782,1159151539,15.314972,-4.329724,c(15.3130260231717, -4.32777824327599),1,1
"7251",77.5580639,12.971941,1159151543,77.56001,12.969995,c(77.5580638652175, 12.9719409950744),1,1
"7252",23.7313752,37.9852721,1159151545,23.733321,37.983326,c(23.7313752256794, 37.9852720905523),1,1
"7253",44.3919229,33.3405944,1159151547,44.393869,33.338648,c(44.3919229145641, 33.3405943561586),1,1
"7254",38.6980586,9.0352562,1159151549,38.700004,9.03331,c(38.6980585753487, 9.03525622129575),1,1
"7255",51.4223982,35.6738886,1159151551,51.424344,35.671943,c(51.422398175009, 35.6738886270013),1,1
"7256",-123.1235901,49.2753624,1159151555,-123.121644,49.273417,c(-123.123590076394, 49.2753624427118),1,1
"7257",-79.4219667,43.7019257,1159151557,-79.420021,43.69998,c(-79.4219666529884, 43.7019257364084),1,1
"7258",-58.3994772,-34.6005557,1159151559,-58.397531,-34.602502,c(-58.3994772323314, -34.6005557499074),1,1
"7259",69.1813142,34.5186361,1159151561,69.18326,34.51669,c(69.1813141907051, 34.5186361449003),1,1
"7260",16.3646931,48.2019611,1159151563,16.366639,48.200015,c(16.3646930967437, 48.2019611368169),1,1
"7261",144.9730704,-37.8180855,1159151565,144.975016,-37.820031,c(144.973070375904, -37.8180854536963),1,1
"7263",-118.1819264,33.9919241,1159151569,-118.179981,33.989978,c(-118.18192636994, 33.9919241087654),1,1
"7264",-77.0113644,38.9014952,1159151573,-77.009419,38.899549,c(-77.0113644394372, 38.9014952350871),1,1
"7265",-73.9819628,40.7519249,1159151575,-73.980017,40.749979,c(-73.9819627874068, 40.7519249225946),1,1
"7266",-0.1186677,51.5019406,1159151577,-0.116722,51.499995,c(-0.118667702475932, 51.5019405883275),1,1
"7267",29.0080557,41.106942,1159151579,29.010002,41.104996,c(29.0080557270026, 41.1069420124398),1,1
"7268",46.7707958,24.642779,1159151581,46.772742,24.640833,c(46.7707957986883, 24.6427790078164),1,1
"7269",18.4330423,-33.9180651,1159151583,18.434988,-33.920011,c(18.433042299226, -33.9180651086288),1,1
"7270",37.613577,55.75411,1159151585,37.615523,55.752164,c(37.6135769672714, 55.7541099812482),1,1
"7271",-99.1329341,19.4443883,1159151587,-99.130988,19.442442,c(-99.1329340602939, 19.4443883014155),1,1
"7272",3.3895852,6.4452075,1159151591,3.391531,6.443262,c(3.38958521259843, 6.44520751209319),1,1
"7273",12.4813126,41.8979015,1159151593,12.483258,41.895956,c(12.481312562874, 41.8979014850989),1,1
"7274",116.3863398,39.9308381,1159151595,116.388286,39.928892,c(116.386339825659, 39.9308380899091),1,1
"7275",36.814711,-1.2814009,1159151597,36.816657,-1.283347,c(36.8147110004714, -1.28140088323778),1,1
"7276",106.8274918,-6.1724718,1159151599,106.829438,-6.174418,c(106.82749176247, -6.17247184679889),1,1
"7277",-74.0852898,4.5983694,1159151601,-74.083344,4.596424,c(-74.0852898137744, 4.59836942114782),1,1
"7278",31.2480224,30.0519062,1159151603,31.249968,30.04996,c(31.2480223611261, 30.0519062051037),1,1
"7279",121.4345588,31.2183983,1159151605,121.436505,31.216452,c(121.43455881982, 31.2183983112283),1,1
"7280",139.7494616,35.6869628,1159151609,139.751407,35.685017,c(139.749461570545, 35.6869627643712),1,1
"7281",72.8550434,19.0189362,1159151611,72.856989,19.01699,c(72.8550434387665, 19.0189362343566),1,1
"7282",2.3313895,48.8686388,1159151613,2.333335,48.866693,c(2.33138946713035, 48.8686387898146),1,1
"7283",-70.6689867,-33.448068,1159151615,-70.667041,-33.450014,c(-70.6689867131748, -33.4480679569341),1,1
"7284",88.3227298,22.4969152,1159151617,88.324676,22.494969,c(88.3227297995055, 22.4969151568964),1,1
"7285",-43.2269667,-22.9230773,1159151619,-43.225021,-22.925023,c(-43.2269666528437, -22.923077315616),1,1
"7286",-46.6269658,-23.5567337,1159151621,-46.62502,-23.55868,c(-46.6269658390552, -23.556733728379),1,1
"7287",151.183234,-33.9180651,1159151623,151.18518,-33.920011,c(151.183233950147, -33.9180651086288),1,1
"7288",103.8538748,1.2949793,1159151627,103.855821,1.293033,c(103.853874819099, 1.29497932510594),1,1
"7289",114.1830635,22.3069268,1159151629,114.185009,22.304981,c(114.183063458463, 22.3069267535755),1,1
