<?xml version="1.0"?>
<!--<!DOCTYPE metadata SYSTEM "http://www.esri.com/metadata/esriprof80.dtd">-->
<metadata xml:lang="en"><Esri><MetaID>{F81A1FDF-C270-475F-B75A-463E0BECBE2D}</MetaID><CreaDate>20091123</CreaDate><CreaTime>05264600</CreaTime><SyncOnce>TRUE</SyncOnce></Esri><idinfo><citation><citeinfo><onlink Sync="TRUE">\\5H070-9438\ProjectFiles\2009\BaseMaps\2009_nov_22_admin_0_c\final\50m-admin-0-scale-ranks</onlink></citeinfo></citation></idinfo><distInfo><distributor><distorTran><onLineSrc><linkage Sync="TRUE">file://\\5H070-9438\ProjectFiles\2009\BaseMaps\2009_nov_22_admin_0_c\final\50m-admin-0-scale-ranks</linkage><protocol Sync="TRUE">Local Area Network</protocol></onLineSrc></distorTran></distributor></distInfo><dataqual><lineage><procstep><procdesc Sync="TRUE">Dataset moved.</procdesc><srcused Sync="TRUE">C:\ProjectFiles\2009\BaseMaps\50m_admin_0_2009_nov_22\50m-admin-0-scale-ranks</srcused><procdate Sync="TRUE">20091123</procdate><proctime Sync="TRUE">05264600</proctime></procstep></lineage></dataqual></metadata>
