<?xml version="1.0"?>
<!--<!DOCTYPE metadata SYSTEM "http://www.esri.com/metadata/esriprof80.dtd">-->
<metadata xml:lang="en"><Esri><MetaID>{8FAED60E-C918-40B6-A23F-AD9DA7F95F21}</MetaID><CreaDate>20091123</CreaDate><CreaTime>05254300</CreaTime><SyncOnce>TRUE</SyncOnce></Esri><idinfo><citation><citeinfo><onlink Sync="TRUE">\\5H070-9438\ProjectFiles\2009\BaseMaps\2009_nov_22_admin_0_c\final\50m-admin-0-boundary-lines-land</onlink></citeinfo></citation></idinfo><distInfo><distributor><distorTran><onLineSrc><linkage Sync="TRUE">file://\\5H070-9438\ProjectFiles\2009\BaseMaps\2009_nov_22_admin_0_c\final\50m-admin-0-boundary-lines-land</linkage><protocol Sync="TRUE">Local Area Network</protocol></onLineSrc></distorTran></distributor></distInfo><dataqual><lineage><procstep><procdesc Sync="TRUE">Dataset moved.</procdesc><srcused Sync="TRUE">C:\ProjectFiles\2009\BaseMaps\50m_admin_0_2009_nov_22\50m-admin-0-boundary-lines-land</srcused><procdate Sync="TRUE">20091123</procdate><proctime Sync="TRUE">05254300</proctime></procstep></lineage></dataqual></metadata>
