<?xml version="1.0"?>
<!--<!DOCTYPE metadata SYSTEM "http://www.esri.com/metadata/esriprof80.dtd">-->
<metadata xml:lang="en"><Esri><MetaID>{FFEA918D-F832-481A-9BB7-BD501B917F2D}</MetaID><CreaDate>20091123</CreaDate><CreaTime>05255000</CreaTime><SyncOnce>TRUE</SyncOnce><DataProperties><lineage><Process ToolSource="C:\Program Files\ArcGIS\ArcToolbox\Toolboxes\Data Management Tools.tbx\RepairGeometry" Date="20101206" Time="231502">RepairGeometry "Natural Earth\Cultural\37m - 5\50m-admin-0-breakaway-disputed-areas" DELETE_NULL "Natural Earth\Cultural\37m - 5\50m-admin-0-breakaway-disputed-areas"</Process></lineage></DataProperties></Esri><idinfo><citation><citeinfo><onlink Sync="TRUE">\\5H070-9438\ProjectFiles\2009\BaseMaps\2009_nov_22_admin_0_c\final\50m-admin-0-breakaway-disputed-areas</onlink></citeinfo></citation></idinfo><distInfo><distributor><distorTran><onLineSrc><linkage Sync="TRUE">file://\\5H070-9438\ProjectFiles\2009\BaseMaps\2009_nov_22_admin_0_c\final\50m-admin-0-breakaway-disputed-areas</linkage><protocol Sync="TRUE">Local Area Network</protocol></onLineSrc></distorTran></distributor></distInfo><dataqual><lineage><procstep><procdesc Sync="TRUE">Dataset moved.</procdesc><srcused Sync="TRUE">C:\ProjectFiles\2009\BaseMaps\50m_admin_0_2009_nov_22\50m-admin-0-breakaway-disputed-areas</srcused><procdate Sync="TRUE">20091123</procdate><proctime Sync="TRUE">05255000</proctime></procstep></lineage></dataqual></metadata>
