<?xml version="1.0"?>
<!--<!DOCTYPE metadata SYSTEM "http://www.esri.com/metadata/esriprof80.dtd">-->
<metadata xml:lang="en"><Esri><CreaDate>20100222</CreaDate><CreaTime>22332500</CreaTime><SyncOnce>FALSE</SyncOnce><SyncDate>20100109</SyncDate><SyncTime>22381900</SyncTime><ModDate>20100109</ModDate><ModTime>22381900</ModTime><DataProperties><lineage><Process ToolSource="C:\Program Files\ArcGIS\ArcToolbox\Toolboxes\Analysis Tools.tbx\Union" Date="20090926" Time="001526">Union "C:\local_working\cartlab\LS2007v3_Grid\LS2007v3_Grid\pop.shp #;C:\local_working\cartlab\LS2007v3_Grid\LS2007v3_Grid\popdens.shp #" C:\local_working\cartlab\LS2007v3_Grid\LS2007v3_Grid\pop_Union.shp ALL # GAPS</Process><Process Name="Identity (5)" ToolSource="C:\Program Files\ArcGIS\ArcToolbox\Toolboxes\Analysis Tools.tbx\Identity" Date="20091008" Time="134435">Identity C:\local_working\cartlab\LS2007v3_Grid\LS2007v3_Grid\urban1.shp C:\local_working\cartlab\attributed826\cities20090901_t300_110_50_20.shp C:\local_working\cartlab\LS2007v3_Grid\LS2007v3_Grid\urban1_3001005020.shp ALL "0.000000001 Meters" NO_RELATIONSHIPS</Process><Process ToolSource="C:\Program Files\ArcGIS\ArcToolbox\Toolboxes\Data Management Tools.tbx\Dissolve" Date="20091019" Time="120909">Dissolve urban1_3001005020_select M:\_Projects\natural_earth\urban1_3001005020\urban1_3001005020_final.shp Name_conve;Latitude;Longitude "GRIDCODE SUM;GRIDCODE_1 SUM" SINGLE_PART DISSOLVE_LINES</Process><Process ToolSource="C:\Program Files\ArcGIS\ArcToolbox\Toolboxes\Data Management Tools.tbx\Append" Date="20091029" Time="114653">Append urban2_3001005020_final;urban3_3001005020_final;urban4_3001105020_final;urban5_1_3001005020_final;urban5_2_3001005020_final;urban5_3_3001005020_final;urban5_4_3001005020_final;urban6_3001105020_final world_3001005020_final TEST # # world_3001005020_final</Process><Process ToolSource="C:\Program Files\ArcGIS\ArcToolbox\Toolboxes\Data Management Tools.tbx\Append" Date="20091103" Time="103437">Append urban1_3001005020_missingFinal;urban2_3001005020_missingFinal;urban3_3001005020_missingFinal;urban4_3001105020_missingFinal;urban5_1_3001005020_missingfinal;urban5_2_3001005020_missingfinal;urban5_3_3001005020_missingfinal;urban5_4_3001005020_missingfinal;urban6_3001105020_missingfinal world_3001005020_finaplus TEST # # world_3001005020_finaplus</Process><Process ToolSource="C:\Program Files\ArcGIS\ArcToolbox\Toolboxes\Data Management Tools.tbx\Merge" Date="20100109" Time="195848">Merge world_3001005020_finaplus;world_30010050_finalplus;world_300100_finalplus;world_300_final;world_all_finalplus C:\ProjectFiles\2009\BaseMaps\nev_version1_1\10m\cultural\cities\landscans.shp "Name_conve 'Name_conve' true true false 41 Text 0 0 ,First,#,world_3001005020_finaplus,Name_conve,-1,-1,world_30010050_finalplus,Name_conve,-1,-1,world_300100_finalplus,Name_conve,-1,-1,world_300_final,Name_conve,-1,-1,world_all_finalplus,Name_conve,-1,-1;Latitude 'Latitude' true true false 19 Double 5 18 ,First,#,world_3001005020_finaplus,Latitude,-1,-1,world_all_finalplus,Latitude,-1,-1;Longitude 'Longitude' true true false 19 Double 5 18 ,First,#,world_3001005020_finaplus,Longitude,-1,-1,world_all_finalplus,Longitude,-1,-1;SUM_GRIDCO 'SUM_GRIDCO' true true false 19 Double 0 0 ,First,#,world_3001005020_finaplus,SUM_GRIDCO,-1,-1,world_30010050_finalplus,SUM_GRIDCO,-1,-1,world_300100_finalplus,SUM_GRIDCO,-1,-1,world_300_final,SUM_GRIDCO,-1,-1,world_all_finalplus,SUM_GRIDCO,-1,-1;SUM_GRID_1 'SUM_GRID_1' true true false 19 Double 0 0 ,First,#,world_3001005020_finaplus,SUM_GRID_1,-1,-1,world_30010050_finalplus,SUM_GRID_1,-1,-1,world_300100_finalplus,SUM_GRID_1,-1,-1,world_300_final,SUM_GRID_1,-1,-1;POP_20 'POP_20' true true false 19 Double 0 0 ,First,#,world_3001005020_finaplus,POP_20,-1,-1;NatScale 'NatScale' true true false 4 Short 0 4 ,First,#,world_3001005020_finaplus,NatScale,-1,-1,world_30010050_finalplus,NatScale,-1,-1,world_300100_finalplus,NatScale,-1,-1,world_300_final,NatScale,-1,-1,world_all_finalplus,NatScale,-1,-1;POP_50 'POP_50' true true false 19 Double 0 0 ,First,#,world_30010050_finalplus,POP_50,-1,-1;POP_300100 'POP_300100' true true false 19 Double 0 0 ,First,#,world_300100_finalplus,POP_300100,-1,-1;POP_300 'POP_300' true true false 19 Double 0 0 ,First,#,world_300_final,POP_300,-1,-1;POP_all 'POP_all' true true false 19 Double 0 0 ,First,#,world_all_finalplus,POP_all,-1,-1"</Process><Process ToolSource="C:\Program Files\ArcGIS\ArcToolbox\Toolboxes\Data Management Tools.tbx\Dissolve" Date="20100109" Time="224708">Dissolve landscans C:\ProjectFiles\2009\BaseMaps\nev_version1_1\10m\cultural\cities\landscans_Dissolve3.shp Name_conve "POP_all MAX;POP_20 MAX;POP_50 MAX;POP_300100 MAX;POP_300 MAX;NatScale MAX;AreaKM MIN;AreaKM MAX;AreaMI MIN;AreaMI MAX;PerKM MIN;PerKM MAX;PerMI MIN;PerMI MAX;bb_xmin MIN;bb_xmin MAX;bb_xmax MIN;bb_xmax MAX;bb_ymin MIN;bb_ymin MAX;bb_ymax MIN;bb_ymax MAX;bb_xCntd MEAN;bb_yCntrd MEAN" MULTI_PART DISSOLVE_LINES</Process></lineage></DataProperties><MetaID>{A289D287-7435-4959-A2A3-99A859DC3D58}</MetaID></Esri><idinfo><native Sync="TRUE">Microsoft Windows XP Version 5.1 (Build 2600) Service Pack 2; ESRI ArcCatalog 9.3.0.1770</native><descript><langdata Sync="TRUE">en</langdata><abstract>REQUIRED: A brief narrative summary of the data set.</abstract><purpose>REQUIRED: A summary of the intentions with which the data set was developed.</purpose></descript><citation><citeinfo><origin>REQUIRED: The name of an organization or individual that developed the data set.</origin><pubdate>REQUIRED: The date when the data set is published or otherwise made available for release.</pubdate><title Sync="TRUE">landscans_Dissolve3</title><ftname Sync="TRUE">landscans_Dissolve3</ftname><geoform Sync="TRUE">vector digital data</geoform><onlink Sync="TRUE"></onlink></citeinfo></citation><timeperd><current>REQUIRED: The basis on which the time period of content information is determined.</current><timeinfo><sngdate><caldate>REQUIRED: The year (and optionally month, or month and day) for which the data set corresponds to the ground.</caldate></sngdate></timeinfo></timeperd><status><progress>REQUIRED: The state of the data set.</progress><update>REQUIRED: The frequency with which changes and additions are made to the data set after the initial data set is completed.</update></status><spdom><bounding><westbc Sync="TRUE">REQUIRED: Western-most coordinate of the limit of coverage expressed in longitude.</westbc><eastbc Sync="TRUE">REQUIRED: Eastern-most coordinate of the limit of coverage expressed in longitude.</eastbc><northbc Sync="TRUE">REQUIRED: Northern-most coordinate of the limit of coverage expressed in latitude.</northbc><southbc Sync="TRUE">REQUIRED: Southern-most coordinate of the limit of coverage expressed in latitude.</southbc></bounding></spdom><keywords><theme><themekt>REQUIRED: Reference to a formally registered thesaurus or a similar authoritative source of theme keywords.</themekt><themekey>REQUIRED: Common-use word or phrase used to describe the subject of the data set.</themekey></theme></keywords><accconst>REQUIRED: Restrictions and legal prerequisites for accessing the data set.</accconst><useconst>REQUIRED: Restrictions and legal prerequisites for using the data set after access is granted.</useconst><natvform Sync="TRUE">Shapefile</natvform></idinfo><dataIdInfo><envirDesc Sync="TRUE">Microsoft Windows XP Version 5.1 (Build 2600) Service Pack 2; ESRI ArcCatalog 9.3.0.1770</envirDesc><dataLang><languageCode Sync="TRUE" value="en"></languageCode></dataLang><idCitation><resTitle Sync="TRUE">landscans_Dissolve3</resTitle><presForm><PresFormCd Sync="TRUE" value="005"></PresFormCd></presForm></idCitation><spatRpType><SpatRepTypCd Sync="TRUE" value="001"></SpatRepTypCd></spatRpType></dataIdInfo><metainfo><langmeta Sync="TRUE">en</langmeta><metstdn Sync="TRUE">FGDC Content Standards for Digital Geospatial Metadata</metstdn><metstdv Sync="TRUE">FGDC-STD-001-1998</metstdv><mettc Sync="TRUE">local time</mettc><metc><cntinfo><cntorgp><cntper>REQUIRED: The person responsible for the metadata information.</cntper><cntorg>REQUIRED: The organization responsible for the metadata information.</cntorg></cntorgp><cntaddr><addrtype>REQUIRED: The mailing and/or physical address for the organization or individual.</addrtype><city>REQUIRED: The city of the address.</city><state>REQUIRED: The state or province of the address.</state><postal>REQUIRED: The ZIP or other postal code of the address.</postal></cntaddr><cntvoice>REQUIRED: The telephone number by which individuals can speak to the organization or individual.</cntvoice></cntinfo></metc><metd Sync="TRUE">20100109</metd><metextns><onlink Sync="TRUE">http://www.esri.com/metadata/esriprof80.html</onlink><metprof Sync="TRUE">ESRI Metadata Profile</metprof></metextns></metainfo><mdLang><languageCode Sync="TRUE" value="en"></languageCode></mdLang><mdStanName Sync="TRUE">ISO 19115 Geographic Information - Metadata</mdStanName><mdStanVer Sync="TRUE">DIS_ESRI1.0</mdStanVer><mdChar><CharSetCd Sync="TRUE" value="004"></CharSetCd></mdChar><mdHrLv><ScopeCd Sync="TRUE" value="005"></ScopeCd></mdHrLv><mdHrLvName Sync="TRUE">dataset</mdHrLvName><distinfo><resdesc Sync="TRUE">Downloadable Data</resdesc><stdorder><digform><digtinfo><transize Sync="TRUE">0.000</transize><dssize Sync="TRUE">0.000</dssize></digtinfo></digform></stdorder></distinfo><distInfo><distributor><distorTran><onLineSrc><orDesc Sync="TRUE">002</orDesc><linkage Sync="TRUE">file://</linkage><protocol Sync="TRUE">Local Area Network</protocol></onLineSrc><transSize Sync="TRUE">0.000</transSize></distorTran><distorFormat><formatName Sync="TRUE">Shapefile</formatName></distorFormat></distributor></distInfo><spdoinfo><direct Sync="TRUE">Vector</direct><ptvctinf><esriterm Name="landscans_Dissolve3"><efeatyp Sync="TRUE">Simple</efeatyp><efeageom Sync="TRUE">Polygon</efeageom><esritopo Sync="TRUE">FALSE</esritopo><efeacnt Sync="TRUE">0</efeacnt><spindex Sync="TRUE">FALSE</spindex><linrefer Sync="TRUE">FALSE</linrefer></esriterm><sdtsterm Name="landscans_Dissolve3"><sdtstype Sync="TRUE">G-polygon</sdtstype><ptvctcnt Sync="TRUE">0</ptvctcnt></sdtsterm></ptvctinf></spdoinfo><spref><horizsys><cordsysn><geogcsn Sync="TRUE">GCS_WGS_1984</geogcsn></cordsysn><geograph><geogunit Sync="TRUE">Decimal degrees</geogunit><latres Sync="TRUE">0.000000</latres><longres Sync="TRUE">0.000000</longres></geograph><geodetic><horizdn Sync="TRUE">D_WGS_1984</horizdn><ellips Sync="TRUE">WGS_1984</ellips><semiaxis Sync="TRUE">6378137.000000</semiaxis><denflat Sync="TRUE">298.257224</denflat></geodetic></horizsys></spref><refSysInfo><RefSystem><refSysID><identCode Sync="TRUE">GCS_WGS_1984</identCode></refSysID></RefSystem></refSysInfo><spatRepInfo><VectSpatRep><topLvl><TopoLevCd Sync="TRUE" value="001"></TopoLevCd></topLvl><geometObjs Name="landscans_Dissolve3"><geoObjTyp><GeoObjTypCd Sync="TRUE" value="001"></GeoObjTypCd></geoObjTyp><geoObjCnt Sync="TRUE">0</geoObjCnt></geometObjs></VectSpatRep></spatRepInfo><eainfo><detailed Name="landscans_Dissolve3"><enttyp><enttypl Sync="TRUE">landscans_Dissolve3</enttypl><enttypt Sync="TRUE">Feature Class</enttypt><enttypc Sync="TRUE">0</enttypc></enttyp><attr><attrlabl Sync="TRUE">FID</attrlabl><attalias Sync="TRUE">FID</attalias><attrtype Sync="TRUE">OID</attrtype><attwidth Sync="TRUE">4</attwidth><atprecis Sync="TRUE">0</atprecis><attscale Sync="TRUE">0</attscale><attrdef Sync="TRUE">Internal feature number.</attrdef><attrdefs Sync="TRUE">ESRI</attrdefs><attrdomv><udom Sync="TRUE">Sequential unique whole numbers that are automatically generated.</udom></attrdomv></attr><attr><attrlabl Sync="TRUE">Shape</attrlabl><attalias Sync="TRUE">Shape</attalias><attrtype Sync="TRUE">Geometry</attrtype><attwidth Sync="TRUE">0</attwidth><atprecis Sync="TRUE">0</atprecis><attscale Sync="TRUE">0</attscale><attrdef Sync="TRUE">Feature geometry.</attrdef><attrdefs Sync="TRUE">ESRI</attrdefs><attrdomv><udom Sync="TRUE">Coordinates defining the features.</udom></attrdomv></attr><attr><attrlabl Sync="TRUE">Name_conve</attrlabl><attalias Sync="TRUE">Name_conve</attalias><attrtype Sync="TRUE">String</attrtype><attwidth Sync="TRUE">41</attwidth></attr><attr><attrlabl Sync="TRUE">MAX_POP_al</attrlabl><attalias Sync="TRUE">MAX_POP_al</attalias><attrtype Sync="TRUE">Float</attrtype><attwidth Sync="TRUE">19</attwidth><atnumdec Sync="TRUE">11</atnumdec></attr><attr><attrlabl Sync="TRUE">MAX_POP_20</attrlabl><attalias Sync="TRUE">MAX_POP_20</attalias><attrtype Sync="TRUE">Float</attrtype><attwidth Sync="TRUE">19</attwidth><atnumdec Sync="TRUE">11</atnumdec></attr><attr><attrlabl Sync="TRUE">MAX_POP_50</attrlabl><attalias Sync="TRUE">MAX_POP_50</attalias><attrtype Sync="TRUE">Float</attrtype><attwidth Sync="TRUE">19</attwidth><atnumdec Sync="TRUE">11</atnumdec></attr><attr><attrlabl Sync="TRUE">MAX_POP_30</attrlabl><attalias Sync="TRUE">MAX_POP_30</attalias><attrtype Sync="TRUE">Float</attrtype><attwidth Sync="TRUE">19</attwidth><atnumdec Sync="TRUE">11</atnumdec></attr><attr><attrlabl Sync="TRUE">MAX_POP_31</attrlabl><attalias Sync="TRUE">MAX_POP_31</attalias><attrtype Sync="TRUE">Float</attrtype><attwidth Sync="TRUE">19</attwidth><atnumdec Sync="TRUE">11</atnumdec></attr><attr><attrlabl Sync="TRUE">MAX_NatSca</attrlabl><attalias Sync="TRUE">MAX_NatSca</attalias><attrtype Sync="TRUE">Float</attrtype><attwidth Sync="TRUE">19</attwidth><atnumdec Sync="TRUE">11</atnumdec></attr><attr><attrlabl Sync="TRUE">MIN_AreaKM</attrlabl><attalias Sync="TRUE">MIN_AreaKM</attalias><attrtype Sync="TRUE">Float</attrtype><attwidth Sync="TRUE">19</attwidth><atnumdec Sync="TRUE">11</atnumdec></attr><attr><attrlabl Sync="TRUE">MAX_AreaKM</attrlabl><attalias Sync="TRUE">MAX_AreaKM</attalias><attrtype Sync="TRUE">Float</attrtype><attwidth Sync="TRUE">19</attwidth><atnumdec Sync="TRUE">11</atnumdec></attr><attr><attrlabl Sync="TRUE">MIN_AreaMI</attrlabl><attalias Sync="TRUE">MIN_AreaMI</attalias><attrtype Sync="TRUE">Float</attrtype><attwidth Sync="TRUE">19</attwidth><atnumdec Sync="TRUE">11</atnumdec></attr><attr><attrlabl Sync="TRUE">MAX_AreaMI</attrlabl><attalias Sync="TRUE">MAX_AreaMI</attalias><attrtype Sync="TRUE">Float</attrtype><attwidth Sync="TRUE">19</attwidth><atnumdec Sync="TRUE">11</atnumdec></attr><attr><attrlabl Sync="TRUE">MIN_PerKM</attrlabl><attalias Sync="TRUE">MIN_PerKM</attalias><attrtype Sync="TRUE">Float</attrtype><attwidth Sync="TRUE">19</attwidth><atnumdec Sync="TRUE">11</atnumdec></attr><attr><attrlabl Sync="TRUE">MAX_PerKM</attrlabl><attalias Sync="TRUE">MAX_PerKM</attalias><attrtype Sync="TRUE">Float</attrtype><attwidth Sync="TRUE">19</attwidth><atnumdec Sync="TRUE">11</atnumdec></attr><attr><attrlabl Sync="TRUE">MIN_PerMI</attrlabl><attalias Sync="TRUE">MIN_PerMI</attalias><attrtype Sync="TRUE">Float</attrtype><attwidth Sync="TRUE">19</attwidth><atnumdec Sync="TRUE">11</atnumdec></attr><attr><attrlabl Sync="TRUE">MAX_PerMI</attrlabl><attalias Sync="TRUE">MAX_PerMI</attalias><attrtype Sync="TRUE">Float</attrtype><attwidth Sync="TRUE">19</attwidth><atnumdec Sync="TRUE">11</atnumdec></attr><attr><attrlabl Sync="TRUE">MIN_bb_xmi</attrlabl><attalias Sync="TRUE">MIN_bb_xmi</attalias><attrtype Sync="TRUE">Float</attrtype><attwidth Sync="TRUE">19</attwidth><atnumdec Sync="TRUE">11</atnumdec></attr><attr><attrlabl Sync="TRUE">MAX_bb_xmi</attrlabl><attalias Sync="TRUE">MAX_bb_xmi</attalias><attrtype Sync="TRUE">Float</attrtype><attwidth Sync="TRUE">19</attwidth><atnumdec Sync="TRUE">11</atnumdec></attr><attr><attrlabl Sync="TRUE">MIN_bb_xma</attrlabl><attalias Sync="TRUE">MIN_bb_xma</attalias><attrtype Sync="TRUE">Float</attrtype><attwidth Sync="TRUE">19</attwidth><atnumdec Sync="TRUE">11</atnumdec></attr><attr><attrlabl Sync="TRUE">MAX_bb_xma</attrlabl><attalias Sync="TRUE">MAX_bb_xma</attalias><attrtype Sync="TRUE">Float</attrtype><attwidth Sync="TRUE">19</attwidth><atnumdec Sync="TRUE">11</atnumdec></attr><attr><attrlabl Sync="TRUE">MIN_bb_ymi</attrlabl><attalias Sync="TRUE">MIN_bb_ymi</attalias><attrtype Sync="TRUE">Float</attrtype><attwidth Sync="TRUE">19</attwidth><atnumdec Sync="TRUE">11</atnumdec></attr><attr><attrlabl Sync="TRUE">MAX_bb_ymi</attrlabl><attalias Sync="TRUE">MAX_bb_ymi</attalias><attrtype Sync="TRUE">Float</attrtype><attwidth Sync="TRUE">19</attwidth><atnumdec Sync="TRUE">11</atnumdec></attr><attr><attrlabl Sync="TRUE">MIN_bb_yma</attrlabl><attalias Sync="TRUE">MIN_bb_yma</attalias><attrtype Sync="TRUE">Float</attrtype><attwidth Sync="TRUE">19</attwidth><atnumdec Sync="TRUE">11</atnumdec></attr><attr><attrlabl Sync="TRUE">MAX_bb_yma</attrlabl><attalias Sync="TRUE">MAX_bb_yma</attalias><attrtype Sync="TRUE">Float</attrtype><attwidth Sync="TRUE">19</attwidth><atnumdec Sync="TRUE">11</atnumdec></attr><attr><attrlabl Sync="TRUE">MEAN_bb_xC</attrlabl><attalias Sync="TRUE">MEAN_bb_xC</attalias><attrtype Sync="TRUE">Float</attrtype><attwidth Sync="TRUE">19</attwidth><atnumdec Sync="TRUE">11</atnumdec></attr><attr><attrlabl Sync="TRUE">MEAN_bb_yC</attrlabl><attalias Sync="TRUE">MEAN_bb_yC</attalias><attrtype Sync="TRUE">Float</attrtype><attwidth Sync="TRUE">19</attwidth><atnumdec Sync="TRUE">11</atnumdec></attr></detailed></eainfo><mdDateSt Sync="TRUE">20100109</mdDateSt><dataqual><lineage><procstep><procdesc Sync="TRUE">Dataset copied.</procdesc><srcused Sync="TRUE"></srcused><procdate Sync="TRUE">20090929</procdate><proctime Sync="TRUE">10303000</proctime></procstep><procstep><procdesc Sync="TRUE">Dataset copied.</procdesc><srcused Sync="TRUE"></srcused><procdate Sync="TRUE">20091008</procdate><proctime Sync="TRUE">13025800</proctime></procstep><procstep><procdesc Sync="TRUE">Dataset copied.</procdesc><srcused Sync="TRUE">C:\local_working\cartlab\LS2007v3_Grid\LS2007v3_Grid\urban1_3001005020</srcused><procdate Sync="TRUE">20091016</procdate><proctime Sync="TRUE">10374500</proctime></procstep><procstep><procdesc Sync="TRUE">Dataset moved.</procdesc><srcused Sync="TRUE">M:\_Projects\natural_earth\urban1_3001005020</srcused><procdate Sync="TRUE">20091019</procdate><proctime Sync="TRUE">10255800</proctime></procstep><procstep><procdesc Sync="TRUE">Dataset copied.</procdesc><srcused Sync="TRUE"></srcused><procdate Sync="TRUE">20091019</procdate><proctime Sync="TRUE">11400200</proctime></procstep><procstep><procdesc Sync="TRUE">Dataset copied.</procdesc><srcused Sync="TRUE">M:\_Projects\natural_earth\urban1_3001005020\urban1_3001005020_final</srcused><procdate Sync="TRUE">20091029</procdate><proctime Sync="TRUE">11460300</proctime></procstep><procstep><procdesc Sync="TRUE">Dataset copied.</procdesc><srcused Sync="TRUE">M:\_Projects\natural_earth\world_3001005020_final</srcused><procdate Sync="TRUE">20091103</procdate><proctime Sync="TRUE">10332500</proctime></procstep><procstep><procdesc Sync="TRUE">Dataset copied.</procdesc><srcused Sync="TRUE"></srcused><procdate Sync="TRUE">20100222</procdate><proctime Sync="TRUE">22332500</proctime></procstep></lineage></dataqual></metadata>
