<?xml version="1.0"?>
<!--<!DOCTYPE metadata SYSTEM "http://www.esri.com/metadata/esriprof80.dtd">-->
<metadata xml:lang="en"><Esri><MetaID>{C383CB87-DE6E-4D1D-8E3F-661456300BD1}</MetaID><CreaDate>20091123</CreaDate><CreaTime>03451900</CreaTime><SyncOnce>TRUE</SyncOnce><DataProperties><lineage><Process ToolSource="C:\Program Files\ArcGIS\ArcToolbox\Toolboxes\Data Management Tools.tbx\RepairGeometry" Date="20110118" Time="021234">RepairGeometry 10m_lakes DELETE_NULL 10m_lakes</Process></lineage></DataProperties></Esri><idinfo><citation><citeinfo><onlink Sync="TRUE">\\5H070-9438\ProjectFiles\2009\BaseMaps\2009_nov_22_admin_0_c\final\10m-lakes</onlink></citeinfo></citation></idinfo><distInfo><distributor><distorTran><onLineSrc><linkage Sync="TRUE">file://\\5H070-9438\ProjectFiles\2009\BaseMaps\2009_nov_22_admin_0_c\final\10m-lakes</linkage><protocol Sync="TRUE">Local Area Network</protocol></onLineSrc></distorTran></distributor></distInfo><dataqual><lineage><procstep><procdesc Sync="TRUE">Dataset moved.</procdesc><srcused Sync="TRUE">C:\ProjectFiles\2009\BaseMaps\hydro_2009_nov_22\10m-lakes</srcused><procdate Sync="TRUE">20091123</procdate><proctime Sync="TRUE">03451900</proctime></procstep><procstep><procdesc Sync="TRUE">Dataset moved.</procdesc><srcused Sync="TRUE">C:\ProjectFiles\2009\BaseMaps\2009_nov_22_admin_0_c\10m-lakes</srcused><procdate Sync="TRUE">20091123</procdate><proctime Sync="TRUE">03453700</proctime></procstep></lineage></dataqual></metadata>
