<?xml version="1.0"?>
<!--<!DOCTYPE metadata SYSTEM "http://www.esri.com/metadata/esriprof80.dtd">-->
<metadata xml:lang="en"><Esri><CreaDate>20100222</CreaDate><CreaTime>23151500</CreaTime><SyncOnce>TRUE</SyncOnce><MetaID>{7378AEDF-AC96-48DC-BFCD-C702AE9030C3}</MetaID></Esri><idinfo><citation><citeinfo><onlink Sync="TRUE"></onlink></citeinfo></citation></idinfo><distInfo><distributor><distorTran><onLineSrc><linkage Sync="TRUE">file://</linkage><protocol Sync="TRUE">Local Area Network</protocol></onLineSrc></distorTran></distributor></distInfo><dataqual><lineage><procstep><procdesc Sync="TRUE">Dataset moved.</procdesc><srcused Sync="TRUE">C:\ProjectFiles\2009\BaseMaps\hydro_2009_nov_22\10m-rivers-lake-centerlines-scale-ranks</srcused><procdate Sync="TRUE">20091123</procdate><proctime Sync="TRUE">03452600</proctime></procstep><procstep><procdesc Sync="TRUE">Dataset moved.</procdesc><srcused Sync="TRUE">C:\ProjectFiles\2009\BaseMaps\2009_nov_22_admin_0_c\10m-rivers-lake-centerlines-scale-ranks</srcused><procdate Sync="TRUE">20091123</procdate><proctime Sync="TRUE">03454300</proctime></procstep><procstep><procdesc Sync="TRUE">Dataset copied.</procdesc><srcused Sync="TRUE"></srcused><procdate Sync="TRUE">20100118</procdate><proctime Sync="TRUE">20115400</proctime></procstep><procstep><procdesc Sync="TRUE">Dataset copied.</procdesc><srcused Sync="TRUE"></srcused><procdate Sync="TRUE">20100222</procdate><proctime Sync="TRUE">23151500</proctime></procstep></lineage></dataqual></metadata>
