<?xml version="1.0"?>
<!--<!DOCTYPE metadata SYSTEM "http://www.esri.com/metadata/esriprof80.dtd">-->
<metadata xml:lang="en"><Esri><MetaID>{925DCB13-49D6-4034-AA84-8098FAF40F98}</MetaID><CreaDate>20091123</CreaDate><CreaTime>03452200</CreaTime><SyncOnce>TRUE</SyncOnce></Esri><idinfo><citation><citeinfo><onlink Sync="TRUE">\\5H070-9438\ProjectFiles\2009\BaseMaps\2009_nov_22_admin_0_c\final\10m-playas</onlink></citeinfo></citation></idinfo><distInfo><distributor><distorTran><onLineSrc><linkage Sync="TRUE">file://\\5H070-9438\ProjectFiles\2009\BaseMaps\2009_nov_22_admin_0_c\final\10m-playas</linkage><protocol Sync="TRUE">Local Area Network</protocol></onLineSrc></distorTran></distributor></distInfo><dataqual><lineage><procstep><procdesc Sync="TRUE">Dataset moved.</procdesc><srcused Sync="TRUE">C:\ProjectFiles\2009\BaseMaps\hydro_2009_nov_22\10m-playas</srcused><procdate Sync="TRUE">20091123</procdate><proctime Sync="TRUE">03452200</proctime></procstep><procstep><procdesc Sync="TRUE">Dataset moved.</procdesc><srcused Sync="TRUE">C:\ProjectFiles\2009\BaseMaps\2009_nov_22_admin_0_c\10m-playas</srcused><procdate Sync="TRUE">20091123</procdate><proctime Sync="TRUE">03454000</proctime></procstep></lineage></dataqual></metadata>
