<?xml version="1.0"?>
<!--<!DOCTYPE metadata SYSTEM "http://www.esri.com/metadata/esriprof80.dtd">-->
<metadata xml:lang="en"><Esri><MetaID>{C2463989-6A82-49F6-AD1E-66C4C8F0A890}</MetaID><CreaDate>20100524</CreaDate><CreaTime>02171800</CreaTime><SyncOnce>FALSE</SyncOnce><SyncDate>20100524</SyncDate><SyncTime>02225300</SyncTime><ModDate>20100524</ModDate><ModTime>02225300</ModTime><DataProperties><lineage><Process ToolSource="C:\Program Files\ArcGIS\ArcToolbox\Toolboxes\Analysis Tools.tbx\Erase" Date="20100524" Time="021720">Erase 10m_rivers_europe 10m_lakes_europe C:\ProjectFiles\NaturalEarth\nev_version1_2\10m_physical\eur_shapefiles\10m_rivers_europe_out.shp #</Process><Process ToolSource="C:\Program Files\ArcGIS\ArcToolbox\Toolboxes\Analysis Tools.tbx\Erase" Date="20100524" Time="021858">Erase 10m_rivers_europe_out 10m_lakes C:\ProjectFiles\NaturalEarth\nev_version1_2\10m_physical\eur_shapefiles\10m_rivers_europe_outOut.shp #</Process><Process ToolSource="C:\Program Files\ArcGIS\ArcToolbox\Toolboxes\Data Management Tools.tbx\Merge" Date="20100524" Time="022254">Merge 10m_rivers_europe_outOut;10m_rivers_europe_outInBig;10m_rivers_europe_inLake C:\ProjectFiles\NaturalEarth\nev_version1_2\10m_physical\eur_shapefiles\10m_rivers_europe2.shp "ID 'ID' true true false 10 Double 0 10 ,First,#,10m_rivers_europe_outOut,ID,-1,-1,10m_rivers_europe_outInBig,ID,-1,-1,10m_rivers_europe_inLake,ID,-1,-1;WSO_ID 'WSO_ID' true true false 10 Double 0 10 ,First,#,10m_rivers_europe_outOut,WSO_ID,-1,-1,10m_rivers_europe_outInBig,WSO_ID,-1,-1,10m_rivers_europe_inLake,WSO_ID,-1,-1;OBJECTID 'OBJECTID' true true false 10 Double 0 10 ,First,#,10m_rivers_europe_outOut,OBJECTID,-1,-1,10m_rivers_europe_outInBig,OBJECTID,-1,-1,10m_rivers_europe_inLake,OBJECTID,-1,-1;FeatureCla 'FeatureCla' true true false 30 Text 0 0 ,First,#,10m_rivers_europe_outOut,FeatureCla,-1,-1,10m_rivers_europe_outInBig,FeatureCla,-1,-1,10m_rivers_europe_inLake,FeatureCla,-1,-1;ScaleRank 'ScaleRank' true true false 4 Short 0 4 ,First,#,10m_rivers_europe_outOut,ScaleRank,-1,-1,10m_rivers_europe_outInBig,ScaleRank,-1,-1,10m_rivers_europe_inLake,ScaleRank,-1,-1;Name1 'Name1' true true false 200 Text 0 0 ,First,#,10m_rivers_europe_outOut,Name1,-1,-1,10m_rivers_europe_outInBig,Name1,-1,-1,10m_rivers_europe_inLake,Name1,-1,-1;FID_10m_ri 'FID_10m_ri' true true false 9 Long 0 9 ,First,#,10m_rivers_europe_outInBig,FID_10m_ri,-1,-1,10m_rivers_europe_inLake,FID_10m_ri,-1,-1"</Process></lineage></DataProperties></Esri><idinfo><native Sync="TRUE">Microsoft Windows Vista Version 6.1 (Build 7600) ; ESRI ArcCatalog 9.3.0.1770</native><descript><langdata Sync="TRUE">en</langdata><abstract>REQUIRED: A brief narrative summary of the data set.</abstract><purpose>REQUIRED: A summary of the intentions with which the data set was developed.</purpose></descript><citation><citeinfo><origin>REQUIRED: The name of an organization or individual that developed the data set.</origin><pubdate>REQUIRED: The date when the data set is published or otherwise made available for release.</pubdate><title Sync="TRUE">10m_rivers_europe2</title><ftname Sync="TRUE">10m_rivers_europe2</ftname><geoform Sync="TRUE">vector digital data</geoform><onlink Sync="TRUE">\\MINI-PC\ProjectFiles\NaturalEarth\nev_version1_2\10m_physical\eur_shapefiles\10m_rivers_europe2.shp</onlink></citeinfo></citation><timeperd><current>REQUIRED: The basis on which the time period of content information is determined.</current><timeinfo><sngdate><caldate>REQUIRED: The year (and optionally month, or month and day) for which the data set corresponds to the ground.</caldate></sngdate></timeinfo></timeperd><status><progress>REQUIRED: The state of the data set.</progress><update>REQUIRED: The frequency with which changes and additions are made to the data set after the initial data set is completed.</update></status><spdom><bounding><westbc Sync="TRUE">REQUIRED: Western-most coordinate of the limit of coverage expressed in longitude.</westbc><eastbc Sync="TRUE">REQUIRED: Eastern-most coordinate of the limit of coverage expressed in longitude.</eastbc><northbc Sync="TRUE">REQUIRED: Northern-most coordinate of the limit of coverage expressed in latitude.</northbc><southbc Sync="TRUE">REQUIRED: Southern-most coordinate of the limit of coverage expressed in latitude.</southbc></bounding></spdom><keywords><theme><themekt>REQUIRED: Reference to a formally registered thesaurus or a similar authoritative source of theme keywords.</themekt><themekey>REQUIRED: Common-use word or phrase used to describe the subject of the data set.</themekey></theme></keywords><accconst>REQUIRED: Restrictions and legal prerequisites for accessing the data set.</accconst><useconst>REQUIRED: Restrictions and legal prerequisites for using the data set after access is granted.</useconst><natvform Sync="TRUE">Shapefile</natvform></idinfo><dataIdInfo><envirDesc Sync="TRUE">Microsoft Windows Vista Version 6.1 (Build 7600) ; ESRI ArcCatalog 9.3.0.1770</envirDesc><dataLang><languageCode Sync="TRUE" value="en"></languageCode></dataLang><idCitation><resTitle Sync="TRUE">10m_rivers_europe2</resTitle><presForm><PresFormCd Sync="TRUE" value="005"></PresFormCd></presForm></idCitation><spatRpType><SpatRepTypCd Sync="TRUE" value="001"></SpatRepTypCd></spatRpType></dataIdInfo><metainfo><langmeta Sync="TRUE">en</langmeta><metstdn Sync="TRUE">FGDC Content Standards for Digital Geospatial Metadata</metstdn><metstdv Sync="TRUE">FGDC-STD-001-1998</metstdv><mettc Sync="TRUE">local time</mettc><metc><cntinfo><cntorgp><cntper>REQUIRED: The person responsible for the metadata information.</cntper><cntorg>REQUIRED: The organization responsible for the metadata information.</cntorg></cntorgp><cntaddr><addrtype>REQUIRED: The mailing and/or physical address for the organization or individual.</addrtype><city>REQUIRED: The city of the address.</city><state>REQUIRED: The state or province of the address.</state><postal>REQUIRED: The ZIP or other postal code of the address.</postal></cntaddr><cntvoice>REQUIRED: The telephone number by which individuals can speak to the organization or individual.</cntvoice></cntinfo></metc><metd Sync="TRUE">20100524</metd><metextns><onlink Sync="TRUE">http://www.esri.com/metadata/esriprof80.html</onlink><metprof Sync="TRUE">ESRI Metadata Profile</metprof></metextns></metainfo><mdLang><languageCode Sync="TRUE" value="en"></languageCode></mdLang><mdStanName Sync="TRUE">ISO 19115 Geographic Information - Metadata</mdStanName><mdStanVer Sync="TRUE">DIS_ESRI1.0</mdStanVer><mdChar><CharSetCd Sync="TRUE" value="004"></CharSetCd></mdChar><mdHrLv><ScopeCd Sync="TRUE" value="005"></ScopeCd></mdHrLv><mdHrLvName Sync="TRUE">dataset</mdHrLvName><distinfo><resdesc Sync="TRUE">Downloadable Data</resdesc><stdorder><digform><digtinfo><transize Sync="TRUE">0.000</transize><dssize Sync="TRUE">0.000</dssize></digtinfo></digform></stdorder></distinfo><distInfo><distributor><distorTran><onLineSrc><orDesc Sync="TRUE">002</orDesc><linkage Sync="TRUE">file://\\MINI-PC\ProjectFiles\NaturalEarth\nev_version1_2\10m_physical\eur_shapefiles\10m_rivers_europe2.shp</linkage><protocol Sync="TRUE">Local Area Network</protocol></onLineSrc><transSize Sync="TRUE">0.000</transSize></distorTran><distorFormat><formatName Sync="TRUE">Shapefile</formatName></distorFormat></distributor></distInfo><spdoinfo><direct Sync="TRUE">Vector</direct><ptvctinf><esriterm Name="10m_rivers_europe2"><efeatyp Sync="TRUE">Simple</efeatyp><efeageom Sync="TRUE">Polyline</efeageom><esritopo Sync="TRUE">FALSE</esritopo><efeacnt Sync="TRUE">0</efeacnt><spindex Sync="TRUE">FALSE</spindex><linrefer Sync="TRUE">FALSE</linrefer></esriterm><sdtsterm Name="10m_rivers_europe2"><sdtstype Sync="TRUE">String</sdtstype><ptvctcnt Sync="TRUE">0</ptvctcnt></sdtsterm></ptvctinf></spdoinfo><spref><horizsys><cordsysn><geogcsn Sync="TRUE">GCS_WGS_1984</geogcsn></cordsysn><geograph><geogunit Sync="TRUE">Decimal degrees</geogunit><latres Sync="TRUE">0.000000</latres><longres Sync="TRUE">0.000000</longres></geograph><geodetic><horizdn Sync="TRUE">D_WGS_1984</horizdn><ellips Sync="TRUE">WGS_1984</ellips><semiaxis Sync="TRUE">6378137.000000</semiaxis><denflat Sync="TRUE">298.257224</denflat></geodetic></horizsys></spref><refSysInfo><RefSystem><refSysID><identCode Sync="TRUE">GCS_WGS_1984</identCode></refSysID></RefSystem></refSysInfo><spatRepInfo><VectSpatRep><topLvl><TopoLevCd Sync="TRUE" value="001"></TopoLevCd></topLvl><geometObjs Name="10m_rivers_europe2"><geoObjTyp><GeoObjTypCd Sync="TRUE" value="001"></GeoObjTypCd></geoObjTyp><geoObjCnt Sync="TRUE">0</geoObjCnt></geometObjs></VectSpatRep></spatRepInfo><eainfo><detailed Name="10m_rivers_europe2"><enttyp><enttypl Sync="TRUE">10m_rivers_europe2</enttypl><enttypt Sync="TRUE">Feature Class</enttypt><enttypc Sync="TRUE">0</enttypc></enttyp><attr><attrlabl Sync="TRUE">FID</attrlabl><attalias Sync="TRUE">FID</attalias><attrtype Sync="TRUE">OID</attrtype><attwidth Sync="TRUE">4</attwidth><atprecis Sync="TRUE">0</atprecis><attscale Sync="TRUE">0</attscale><attrdef Sync="TRUE">Internal feature number.</attrdef><attrdefs Sync="TRUE">ESRI</attrdefs><attrdomv><udom Sync="TRUE">Sequential unique whole numbers that are automatically generated.</udom></attrdomv></attr><attr><attrlabl Sync="TRUE">Shape</attrlabl><attalias Sync="TRUE">Shape</attalias><attrtype Sync="TRUE">Geometry</attrtype><attwidth Sync="TRUE">0</attwidth><atprecis Sync="TRUE">0</atprecis><attscale Sync="TRUE">0</attscale><attrdef Sync="TRUE">Feature geometry.</attrdef><attrdefs Sync="TRUE">ESRI</attrdefs><attrdomv><udom Sync="TRUE">Coordinates defining the features.</udom></attrdomv></attr><attr><attrlabl Sync="TRUE">ID</attrlabl><attalias Sync="TRUE">ID</attalias><attrtype Sync="TRUE">Number</attrtype><attwidth Sync="TRUE">10</attwidth></attr><attr><attrlabl Sync="TRUE">WSO_ID</attrlabl><attalias Sync="TRUE">WSO_ID</attalias><attrtype Sync="TRUE">Number</attrtype><attwidth Sync="TRUE">10</attwidth></attr><attr><attrlabl Sync="TRUE">OBJECTID</attrlabl><attalias Sync="TRUE">OBJECTID</attalias><attrtype Sync="TRUE">Number</attrtype><attwidth Sync="TRUE">10</attwidth></attr><attr><attrlabl Sync="TRUE">FeatureCla</attrlabl><attalias Sync="TRUE">FeatureCla</attalias><attrtype Sync="TRUE">String</attrtype><attwidth Sync="TRUE">30</attwidth></attr><attr><attrlabl Sync="TRUE">ScaleRank</attrlabl><attalias Sync="TRUE">ScaleRank</attalias><attrtype Sync="TRUE">Number</attrtype><attwidth Sync="TRUE">4</attwidth></attr><attr><attrlabl Sync="TRUE">Name1</attrlabl><attalias Sync="TRUE">Name1</attalias><attrtype Sync="TRUE">String</attrtype><attwidth Sync="TRUE">200</attwidth></attr><attr><attrlabl Sync="TRUE">FID_10m_ri</attrlabl><attalias Sync="TRUE">FID_10m_ri</attalias><attrtype Sync="TRUE">Number</attrtype><attwidth Sync="TRUE">9</attwidth></attr></detailed></eainfo><mdDateSt Sync="TRUE">20100524</mdDateSt></metadata>
