<?xml version="1.0"?>
<!--<!DOCTYPE metadata SYSTEM "http://www.esri.com/metadata/esriprof80.dtd">-->
<metadata xml:lang="en"><Esri><MetaID>{B9063B4C-0041-4ECD-A464-A885EFC1B301}</MetaID><CreaDate>20110114</CreaDate><CreaTime>01114300</CreaTime><SyncOnce>TRUE</SyncOnce><DataProperties><lineage><Process ToolSource="C:\Program Files\ArcGIS\ArcToolbox\Toolboxes\Data Management Tools.tbx\RepairGeometry" Date="20110114" Time="011143">RepairGeometry 10m_ocean DELETE_NULL 10m_ocean</Process></lineage></DataProperties></Esri></metadata>
