<?xml version="1.0"?>
<!--<!DOCTYPE metadata SYSTEM "http://www.esri.com/metadata/esriprof80.dtd">-->
<metadata xml:lang="en"><Esri><MetaID>{215F787E-F906-4412-8F6D-3B38CF28C4D7}</MetaID><CreaDate>20091123</CreaDate><CreaTime>02022900</CreaTime><SyncOnce>TRUE</SyncOnce></Esri><idinfo><citation><citeinfo><onlink Sync="TRUE">\\5H070-9438\ProjectFiles\2009\BaseMaps\2009_nov_22_admin_0_c\final\10m-minor-islands</onlink></citeinfo></citation></idinfo><distInfo><distributor><distorTran><onLineSrc><linkage Sync="TRUE">file://\\5H070-9438\ProjectFiles\2009\BaseMaps\2009_nov_22_admin_0_c\final\10m-minor-islands</linkage><protocol Sync="TRUE">Local Area Network</protocol></onLineSrc></distorTran></distributor></distInfo><dataqual><lineage><procstep><procdesc Sync="TRUE">Dataset moved.</procdesc><srcused Sync="TRUE">C:\ProjectFiles\2009\BaseMaps\2009_nov_22_coast_islands\10m-minor-islands</srcused><procdate Sync="TRUE">20091123</procdate><proctime Sync="TRUE">02022900</proctime></procstep></lineage></dataqual></metadata>
