<?xml version="1.0"?>
<!--<!DOCTYPE metadata SYSTEM "http://www.esri.com/metadata/esriprof80.dtd">-->
<metadata xml:lang="en"><Esri><CreaDate>20100223</CreaDate><CreaTime>01485700</CreaTime><SyncOnce>TRUE</SyncOnce><MetaID>{9CAEE29D-A87E-4342-907C-B20F9B1BB2A3}</MetaID></Esri><idinfo><citation><citeinfo><onlink Sync="TRUE"></onlink></citeinfo></citation></idinfo><distInfo><distributor><distorTran><onLineSrc><linkage Sync="TRUE">file://</linkage><protocol Sync="TRUE">Local Area Network</protocol></onLineSrc></distorTran></distributor></distInfo><dataqual><lineage><procstep><procdesc Sync="TRUE">Dataset copied.</procdesc><srcused Sync="TRUE">C:\ProjectFiles\NaturalEarth\ne_v1\110m_cultural\110m-admin-0-tiny-countries</srcused><procdate Sync="TRUE">20100208</procdate><proctime Sync="TRUE">01332700</proctime></procstep><procstep><procdesc Sync="TRUE">Dataset copied.</procdesc><srcused Sync="TRUE"></srcused><procdate Sync="TRUE">20100223</procdate><proctime Sync="TRUE">01485700</proctime></procstep></lineage></dataqual></metadata>
