<?xml version="1.0"?>
<!--<!DOCTYPE metadata SYSTEM "http://www.esri.com/metadata/esriprof80.dtd">-->
<metadata xml:lang="en"><Esri><MetaID>{A0726F6A-FD65-4777-A91E-13B97426BE2F}</MetaID><CreaDate>20101206</CreaDate><CreaTime>23142900</CreaTime><SyncOnce>TRUE</SyncOnce><DataProperties><lineage><Process ToolSource="C:\Program Files\ArcGIS\ArcToolbox\Toolboxes\Data Management Tools.tbx\RepairGeometry" Date="20101206" Time="231429">RepairGeometry "Natural Earth\Cultural\37m - 5\50m_lakes" DELETE_NULL "Natural Earth\Cultural\37m - 5\50m_lakes"</Process><Process ToolSource="C:\Program Files\ArcGIS\ArcToolbox\Toolboxes\Data Management Tools.tbx\RepairGeometry" Date="20101206" Time="231447">RepairGeometry "Natural Earth\Cultural\37m - 5\50m_lakes" DELETE_NULL "Natural Earth\Cultural\37m - 5\50m_lakes"</Process><Process ToolSource="C:\Program Files\ArcGIS\ArcToolbox\Toolboxes\Data Management Tools.tbx\RepairGeometry" Date="20101209" Time="233749">RepairGeometry "Natural Earth\Cultural\37m - 5\50m_lakes" DELETE_NULL "Natural Earth\Cultural\37m - 5\50m_lakes"</Process><Process ToolSource="C:\Program Files\ArcGIS\ArcToolbox\Toolboxes\Data Management Tools.tbx\RepairGeometry" Date="20110106" Time="191754">RepairGeometry "Natural Earth\Cultural\37m - 5\50m_lakes" DELETE_NULL "Natural Earth\Cultural\37m - 5\50m_lakes"</Process></lineage></DataProperties></Esri></metadata>
